<Valmar>
<append xpath="/recipes">
<recipe name="cornBread" count="1" scrapable="False" craft_area="campfire" craft_tool="toolBowlWater">
    <ingredient name="foodCornMeal" count="1"/>
</recipe> 
<recipe name="cornOnTheCob" count="1" scrapable="False" craft_area="campfire" craft_tool="toolBowlWater">
    <ingredient name="foodCropCorn" count="1"/>
</recipe> 
<recipe name="eggboiled" count="1" scrapable="False" craft_area="campfire" craft_tool="toolBowlWater">
    <ingredient name="foodEgg" count="1"/>
</recipe> 
<recipe name="meatStew" count="1" scrapable="False" craft_area="campfire" craft_tool="toolCookingPot">
    <ingredient name="foodRawMeat" count="1"/>
    <ingredient name="foodCropPotato" count="1"/>
    <ingredient name="foodCropCorn" count="1"/>
    <ingredient name="drinkJarBoiledWater" count="1"/>
	<ingredient name="resourceAnimalFat" count="1"/>
</recipe> 
<recipe name="vegetableStew" count="1" scrapable="False" craft_area="campfire" craft_tool="toolCookingPot">
    <ingredient name="foodCropPotato" count="1"/>
    <ingredient name="foodCropCorn" count="1"/>
    <ingredient name="foodCropMushrooms" count="1"/>
    <ingredient name="drinkJarBoiledWater" count="1"/>
	<ingredient name="bowl" count="1"/>
</recipe> 
        <!-- Expanded Food Mod -->
    <recipe name="bowl" count="1" scrapable="False" craft_area="campfire">
        <ingredient name="resourceClayLump" count="3"/>
    </recipe>
    <recipe name="dinnerPlate" count="1" scrapable="False" craft_area="campfire">
        <ingredient name="resourceClayLump" count="4"/>
    </recipe>
    <recipe name="baconEggSandwich" count="1" scrapable="False" >
        <ingredient name="BaconAndEggs" count="2"/>
        <ingredient name="foodCropCorn" count="1"/>
		<ingredient name="dinnerPlate" count="1"/>
    </recipe>
    <recipe name="scrambledEggs" count="1" scrapable="False" craft_area="campfire" craft_tool="toolCookingPot" >
        <ingredient name="foodEgg" count="2"/>
        <ingredient name="resourceAnimalFat" count="1"/>
		<ingredient name="dinnerPlate" count="1"/>
    </recipe>
    <recipe name="Omelet" count="1" scrapable="False" craft_area="campfire" craft_tool="toolCookingPot" >
        <ingredient name="foodEgg" count="2"/>
        <ingredient name="resourceAnimalFat" count="1"/>
        <ingredient name="foodRawMeat" count="1"/>
		<ingredient name="dinnerPlate" count="1"/>
    </recipe>
    <recipe name="stewChunkyMeat" count="1" scrapable="False" craft_area="campfire" craft_tool="toolCookingPot" >
        <ingredient name="drinkJarBoiledWater" count="1" />
        <ingredient name="foodRawMeat" count="3"/>
		<ingredient name="bowl" count="1"/>
    </recipe>
    <recipe name="cornOnTheCob" count="1" scrapable="False" craft_area="campfire" craft_tool="toolBowlWater" >
        <ingredient name="foodCropCorn" count="1"/>
		<ingredient name="dinnerPlate" count="1"/>
    </recipe>
    <recipe name="blueberryJam" count="1" scrapable="False" >
    <ingredient name="foodCropBlueberries" count="12" />
    <ingredient name="drinkJarEmpty" count="1" />
	<ingredient name="dinnerPlate" count="1"/>
  </recipe>
    <recipe name="canMeatStew" count="1" scrapable="False" >
    <ingredient name="meatStew" count="1" />
    <ingredient name="drinkCanEmpty" count="1" />
  </recipe>
    <recipe name="canVegetableStew" count="1" scrapable="False" >
    <ingredient name="vegetableStew" count="1" />
    <ingredient name="drinkCanEmpty" count="1" />
  </recipe>
    <recipe name="canChunkyMeatStew" count="1" scrapable="False" >
    <ingredient name="stewChunkyMeat" count="1" />
    <ingredient name="drinkCanEmpty" count="1" />
  </recipe>
    <recipe name="bowlFruit" count="1" scrapable="False" >
    <ingredient name="bowl" count="1" />
    <ingredient name="foodCropYuccaFruit" count="3" />
    <ingredient name="foodCropBlueberries" count="3" />
    </recipe>
    <recipe name="bowlFruit" count="1" scrapable="False" >
    <ingredient name="bowl" count="1" />
    <ingredient name="foodCanPears" count="2" />
    </recipe>
    <recipe name="cornbreadJam" count="1" scrapable="False" >
    <ingredient name="cornBread" count="1" />
    <ingredient name="foodCropBlueberries" count="1" />
	<ingredient name="dinnerPlate" count="1"/>
    </recipe>
    <recipe name="soupChunkyBeef" count="1" scrapable="False" >
    <ingredient name="bowl" count="1" />
    <ingredient name="foodCanBeef" count="2" />
    </recipe>
    <recipe name="soupChicken" count="1" scrapable="False" >
    <ingredient name="bowl" count="1" />
    <ingredient name="foodCanChicken" count="2" />
    </recipe>
    <recipe name="soupLamb" count="1" scrapable="False" >
    <ingredient name="bowl" count="1" />
    <ingredient name="foodCanLamb" count="2" />
    </recipe>
    <recipe name="bowlChili" count="1" scrapable="False" >
    <ingredient name="bowl" count="1" />
    <ingredient name="foodCanChili" count="2" />
    </recipe>
    <recipe name="bowlMiso" count="1" scrapable="False" >
    <ingredient name="bowl" count="1" />
    <ingredient name="foodCanMiso" count="2" />
    </recipe>
    <recipe name="soupPea" count="1" scrapable="False" >
    <ingredient name="bowl" count="1" />
    <ingredient name="foodCanPeas" count="2" />
    </recipe>
    <recipe name="bowlPasta" count="1" scrapable="False" >
    <ingredient name="bowl" count="1" />
    <ingredient name="foodCanPasta" count="2" />
    </recipe>
    <recipe name="bowlSoup" count="1" scrapable="False" >
    <ingredient name="bowl" count="1" />
    <ingredient name="foodCanSoup" count="2" />
    </recipe>
    <recipe name="bowlStock" count="1" scrapable="False" >
    <ingredient name="bowl" count="1" />
    <ingredient name="foodCanStock" count="2" />
    </recipe>
    <recipe name="warmsoupChunkyBeef" count="1" scrapable="False" craft_area="campfire" craft_tool="toolCookingPot" >
    <ingredient name="soupChunkyBeef" count="1" />
    </recipe>
    <recipe name="warmsoupChicken" count="1" scrapable="False" craft_area="campfire" craft_tool="toolCookingPot" >
    <ingredient name="soupChicken" count="1" />
    </recipe>
    <recipe name="warmsoupLamb" count="1" scrapable="False" craft_area="campfire" craft_tool="toolCookingPot" >
    <ingredient name="soupLamb" count="1" />
    </recipe>
    <recipe name="warmbowlChili" count="1" scrapable="False" craft_area="campfire" craft_tool="toolCookingPot" >
    <ingredient name="bowlChili" count="1" />
    </recipe>
    <recipe name="warmbowlMiso" count="1" scrapable="False" craft_area="campfire" craft_tool="toolCookingPot" >
    <ingredient name="bowlMiso" count="1" />
    </recipe>
    <recipe name="warmsoupPea" count="1" scrapable="False" craft_area="campfire" craft_tool="toolCookingPot" >
    <ingredient name="soupPea" count="1" />
    </recipe>
    <recipe name="warmbowlPasta" count="1" scrapable="False" craft_area="campfire" craft_tool="toolCookingPot" >
    <ingredient name="bowlPasta" count="1" />
    </recipe>
    <recipe name="warmbowlSoup" count="1" scrapable="False" craft_area="campfire" craft_tool="toolCookingPot" >
    <ingredient name="bowlSoup" count="1" />
    </recipe>
    <recipe name="warmbowlStock" count="1" scrapable="False" craft_area="campfire" craft_tool="toolCookingPot" >
    <ingredient name="bowlStock" count="1" />
    </recipe>
    <recipe name="creamedCorn" count="1" scrapable="False" craft_area="campfire" craft_tool="toolCookingPot" >
    <ingredient name="drinkJarBoiledWater" count="1" />
    <ingredient name="foodCropCorn" count="2" />
	<ingredient name="bowl" count="1" />
    </recipe>
    <recipe name="toolBowlWater" count="1" scrapable="False" craft_area="campfire" craft_tool="toolCookingPot" >
        <ingredient name="bowlMurkyWater" count="1"/>
		<ingredient name="bowl" count="1" />
    </recipe>
	   <recipe name="bowlMurkyWater" count="1" scrapable="False" craft_area="campfire" craft_tool="toolCookingPot" >
        <ingredient name="drinkJarBoiledWater" count="1"/>
		<ingredient name="bowl" count="1" />
    </recipe>
    <recipe name="soupMushroom" count="1" scrapable="False" craft_area="campfire" craft_tool="toolCookingPot" >
        <ingredient name="drinkJarBoiledWater" count="1"/>
    <ingredient name="foodCropMushrooms" count="3" />
	<ingredient name="bowl" count="1" />
    </recipe>
    <recipe name="Mead" count="1" scrapable="False" craft_area="campfire" craft_tool="toolBeaker" >
        <ingredient name="drinkJarBoiledWater" count="1"/>
        <ingredient name="foodHoney" count="1"/>
        <ingredient name="foodCropCorn" count="1"/>
    </recipe>
    <recipe name="meadBlueberry" count="1" scrapable="False" craft_area="campfire" craft_tool="toolBeaker" >
        <ingredient name="drinkJarBoiledWater" count="1"/>
        <ingredient name="foodHoney" count="1"/>
        <ingredient name="foodCropCorn" count="1"/>
        <ingredient name="foodCropBlueberries" count="1"/>
    </recipe>
    <recipe name="honeyHam" count="1" scrapable="False" craft_area="campfire" craft_tool="toolCookingGrill" >
        <ingredient name="foodHoney" count="1"/>
        <ingredient name="boiledMeat" count="1"/>
    </recipe>
 
<recipe name="biscuit" count="1" scrapable="False" craft_area="campfire" craft_tool="toolBowlWater">
    <ingredient name="foodCropCorn" count="1"/>
</recipe>
<recipe name="grillSteak" count="1" scrapable="False" craft_area="campfire" craft_tool="toolCookingGrill">
    <ingredient name="foodRawMeat" count="3"/>
	<ingredient name="dinnerPlate" count="1"/>
</recipe>
<recipe name="steakSandwich" count="1" scrapable="False" >
    <ingredient name="grillSteak" count="1"/>
    <ingredient name="cornBread" count="2"/>
</recipe>
<recipe name="Hamburger" count="1" scrapable="False" craft_area="campfire" craft_tool="toolCookingGrill">
    <ingredient name="foodRawMeat" count="1"/>
    <ingredient name="cornBread" count="2"/>
	<ingredient name="dinnerPlate" count="1"/>
</recipe>
<recipe name="mealBreakfast" count="1" scrapable="False" craft_area="campfire" craft_tool="toolCookingPot">
    <ingredient name="foodRawMeat" count="3"/>
    <ingredient name="foodEgg" count="3"/>
    <ingredient name="dinnerPlate" count="1"/>
</recipe>
<recipe name="mealDinner" count="1" scrapable="False" craft_area="campfire" craft_tool="toolCookingPot">
    <ingredient name="foodRawMeat" count="5"/>
    <ingredient name="foodCropCorn" count="1"/>
    <ingredient name="foodCropPotato" count="1"/>
    <ingredient name="dinnerPlate" count="1"/>
</recipe>
</append>
</Valmar>