<Valmar>
<append xpath="/items">
 <!-- Expanded Clothes Mod -->
    <item name="pimpHat">
        <property name="Extends" value="apparelCowboyHat" />
        <property name="CustomIcon" value="apparelCowboyHat" />
        <property name="CustomIconTint" value="E30004" />
        <property class="UMA">
            <property name="Overlay0Tint" value="204,0,0" />
        </property>
		<effect_group tiered="false">
		<passive_effect name="ModSlots" operation="base_set" value="0"/>
		<passive_effect name="HypothermalResist" operation="base_add" value="10,10"/>
		<passive_effect name="HyperthermalResist" operation="base_add" value="20,20"/>

		<passive_effect name="PhysicalDamageResist" operation="base_add" value="50,90"/>
		<display_value name="dStaminaChangeOT" value="0"/>
		<passive_effect name="NoiseMultiplier" operation="perc_add" value=".1"/><display_value name="dNoiseMultiplier" value=".1"/>
		<passive_effect name="BuffResistance" operation="base_add" value="10,10" tags="buffInfectionCatch,buffInjuryBleeding,buffInjuryStunned01"/><passive_effect name="BuffResistance" operation="base_add" value="10" tags="buffInfectionCatch"/><passive_effect name="BuffResistance" operation="base_add" value="10" tags="buffInjuryBleeding"/>
	</effect_group>
    </item>
    <item name="hoodPurple">
        <property name="Extends" value="armorClothHat" />
        <property name="CustomIcon" value="armorClothHat" />
        <property name="CustomIconTint" value="7800D4" />
        <property class="UMA">
            <property name="Overlay0Tint" value="51, 0, 102" />
        </property>
		<effect_group>
		<passive_effect name="ModSlots" operation="base_set" value="1,1,2,2,3,4" tier="1,2,3,4,5,6"/>
		<passive_effect name="PhysicalDamageResist" operation="base_add" value="7.8"/>
		<passive_effect name="DegradationMax" operation="base_set" value="150,300" tier="1,6"/>
		<passive_effect name="DegradationPerUse" operation="base_set" value="1"/>
		<display_value name="dStaminaChangeOT" value="0"/>
		<passive_effect name="BuffResistance" operation="base_add" value=".103" tags="buffInfectionCatch,buffInjuryBleeding,buffInjuryStunned01"/><passive_effect name="BuffResistance" operation="base_add" value=".02" tags="buffInfectionCatch"/><passive_effect name="BuffResistance" operation="base_add" value=".01" tags="buffInjuryBleeding"/>
	</effect_group>
    </item>
    <item name="hoodRed">
        <property name="Extends" value="armorClothHat" />
        <property name="CustomIcon" value="armorClothHat" />
        <property name="CustomIconTint" value="E30000" />
        <property class="UMA">
            <property name="Overlay0Tint" value="204, 0, 0" />
        </property>
		<effect_group>
		<passive_effect name="ModSlots" operation="base_set" value="1,1,2,2,3,4" tier="1,2,3,4,5,6"/>
		<passive_effect name="PhysicalDamageResist" operation="base_add" value="7.8"/>
		<passive_effect name="DegradationMax" operation="base_set" value="150,300" tier="1,6"/>
		<passive_effect name="DegradationPerUse" operation="base_set" value="1"/>
		<display_value name="dStaminaChangeOT" value="0"/>
		<passive_effect name="BuffResistance" operation="base_add" value=".103" tags="buffInfectionCatch,buffInjuryBleeding,buffInjuryStunned01"/><passive_effect name="BuffResistance" operation="base_add" value=".02" tags="buffInfectionCatch"/><passive_effect name="BuffResistance" operation="base_add" value=".01" tags="buffInjuryBleeding"/>
	</effect_group>
    </item>
    <item name="hoodGreen">
        <property name="Extends" value="armorClothHat" />
        <property name="CustomIcon" value="armorClothHat" />
        <property name="CustomIconTint" value="009612" />
        <property class="UMA">
            <property name="Overlay0Tint" value="51, 102, 0" />
        </property>
		<effect_group>
		<passive_effect name="ModSlots" operation="base_set" value="1,1,2,2,3,4" tier="1,2,3,4,5,6"/>
		<passive_effect name="PhysicalDamageResist" operation="base_add" value="7.8"/>
		<passive_effect name="DegradationMax" operation="base_set" value="150,300" tier="1,6"/>
		<passive_effect name="DegradationPerUse" operation="base_set" value="1"/>
		<display_value name="dStaminaChangeOT" value="0"/>
		<passive_effect name="BuffResistance" operation="base_add" value=".103" tags="buffInfectionCatch,buffInjuryBleeding,buffInjuryStunned01"/><passive_effect name="BuffResistance" operation="base_add" value=".02" tags="buffInfectionCatch"/><passive_effect name="BuffResistance" operation="base_add" value=".01" tags="buffInjuryBleeding"/>
	</effect_group>
    </item>
    <item name="hoodBlue">
        <property name="Extends" value="armorClothHat" />
        <property name="CustomIcon" value="armorClothHat" />
        <property name="CustomIconTint" value="1432DE" />
        <property class="UMA">
            <property name="Overlay0Tint" value="0, 51, 204" />
        </property>
		<effect_group>
		<passive_effect name="ModSlots" operation="base_set" value="1,1,2,2,3,4" tier="1,2,3,4,5,6"/>
		<passive_effect name="PhysicalDamageResist" operation="base_add" value="7.8"/>
		<passive_effect name="DegradationMax" operation="base_set" value="150,300" tier="1,6"/>
		<passive_effect name="DegradationPerUse" operation="base_set" value="1"/>
		<display_value name="dStaminaChangeOT" value="0"/>
		<passive_effect name="BuffResistance" operation="base_add" value=".103" tags="buffInfectionCatch,buffInjuryBleeding,buffInjuryStunned01"/><passive_effect name="BuffResistance" operation="base_add" value=".02" tags="buffInfectionCatch"/><passive_effect name="BuffResistance" operation="base_add" value=".01" tags="buffInjuryBleeding"/>
	</effect_group>
    </item>
    <item name="hoodBrown">
        <property name="Extends" value="armorClothHat" />
        <property name="CustomIcon" value="armorClothHat" />
        <property name="CustomIconTint" value="846954" />
        <property class="UMA">
            <property name="Overlay0Tint" value="102, 51, 0" />
        </property>
		<effect_group>
		<passive_effect name="ModSlots" operation="base_set" value="1,1,2,2,3,4" tier="1,2,3,4,5,6"/>
		<passive_effect name="PhysicalDamageResist" operation="base_add" value="7.8"/>
		<passive_effect name="DegradationMax" operation="base_set" value="150,300" tier="1,6"/>
		<passive_effect name="DegradationPerUse" operation="base_set" value="1"/>
		<display_value name="dStaminaChangeOT" value="0"/>
		<passive_effect name="BuffResistance" operation="base_add" value=".103" tags="buffInfectionCatch,buffInjuryBleeding,buffInjuryStunned01"/><passive_effect name="BuffResistance" operation="base_add" value=".02" tags="buffInfectionCatch"/><passive_effect name="BuffResistance" operation="base_add" value=".01" tags="buffInjuryBleeding"/>
	</effect_group>
    </item>
    <item name="hoodBlack">
        <property name="Extends" value="armorClothHat" />
        <property name="CustomIcon" value="armorClothHat" />
        <property name="CustomIconTint" value="575757" />
        <property class="UMA">
            <property name="Overlay0Tint" value="0, 0, 0" />
        </property>
		<effect_group>
		<passive_effect name="ModSlots" operation="base_set" value="1,1,2,2,3,4" tier="1,2,3,4,5,6"/>
		<passive_effect name="PhysicalDamageResist" operation="base_add" value="7.8"/>
		<passive_effect name="DegradationMax" operation="base_set" value="150,300" tier="1,6"/>
		<passive_effect name="DegradationPerUse" operation="base_set" value="1"/>
		<display_value name="dStaminaChangeOT" value="0"/>
		<passive_effect name="BuffResistance" operation="base_add" value=".103" tags="buffInfectionCatch,buffInjuryBleeding,buffInjuryStunned01"/><passive_effect name="BuffResistance" operation="base_add" value=".02" tags="buffInfectionCatch"/><passive_effect name="BuffResistance" operation="base_add" value=".01" tags="buffInjuryBleeding"/>
	</effect_group>
    </item>
    <item name="footballHelmetRed">
        <property name="Extends" value="armorFootballHelmet" />
        <property name="CustomIcon" value="armorFootballHelmet" />
        <property name="CustomIconTint" value="E01616" />
        <property class="UMA">
            <property name="Overlay0Tint" value="204, 0, 0" />
        </property>
		<effect_group name="leather w scrap AR">
		<passive_effect name="ModSlots" operation="base_set" value="1,1,2,2,3,4" tier="1,2,3,4,5,6"/>
		<passive_effect name="PhysicalDamageResist" operation="base_add" value="8.8,12"/>
		<passive_effect name="DegradationMax" operation="base_set" value="250,500" tier="1,6"/>
		<passive_effect name="DegradationPerUse" operation="base_set" value="1"/>

		<passive_effect name="Mobility" operation="perc_add" value="-.04"/>
		<passive_effect name="StaminaChangeOT" operation="perc_add" value="-.0281" tags="walking"/>
		<passive_effect name="StaminaChangeOT" operation="perc_add" value="-.0562" tags="running"/>
		<display_value name="dStaminaChangeOT" value="-.562"/>
		<passive_effect name="NoiseMultiplier" operation="perc_add" value=".1"/><display_value name="dNoiseMultiplier" value=".1"/>
		<passive_effect name="BuffResistance" operation="base_add" value=".109,.135" tags="buffInfectionCatch,buffInjuryBleeding,buffInjuryStunned01"/><passive_effect name="BuffResistance" operation="base_add" value=".03" tags="buffInfectionCatch"/><passive_effect name="BuffResistance" operation="base_add" value=".01" tags="buffInjuryBleeding"/>
	</effect_group>
    </item>
    <item name="footballHelmetGreen">
        <property name="Extends" value="armorFootballHelmet" />
        <property name="CustomIcon" value="armorFootballHelmet" />
        <property name="CustomIconTint" value="00CC0E" />
        <property class="UMA">
            <property name="Overlay0Tint" value="51, 102, 0" />
        </property>
		<effect_group name="leather w scrap AR">
		<passive_effect name="ModSlots" operation="base_set" value="1,1,2,2,3,4" tier="1,2,3,4,5,6"/>
		<passive_effect name="PhysicalDamageResist" operation="base_add" value="8.8,12"/>
		<passive_effect name="DegradationMax" operation="base_set" value="250,500" tier="1,6"/>
		<passive_effect name="DegradationPerUse" operation="base_set" value="1"/>

		<passive_effect name="Mobility" operation="perc_add" value="-.04"/>
		<passive_effect name="StaminaChangeOT" operation="perc_add" value="-.0281" tags="walking"/>
		<passive_effect name="StaminaChangeOT" operation="perc_add" value="-.0562" tags="running"/>
		<display_value name="dStaminaChangeOT" value="-.562"/>
		<passive_effect name="NoiseMultiplier" operation="perc_add" value=".1"/><display_value name="dNoiseMultiplier" value=".1"/>
		<passive_effect name="BuffResistance" operation="base_add" value=".109,.135" tags="buffInfectionCatch,buffInjuryBleeding,buffInjuryStunned01"/><passive_effect name="BuffResistance" operation="base_add" value=".03" tags="buffInfectionCatch"/><passive_effect name="BuffResistance" operation="base_add" value=".01" tags="buffInjuryBleeding"/>
	</effect_group>
    </item>
    <item name="footballHelmetBlack">
        <property name="Extends" value="armorFootballHelmet" />
        <property name="CustomIcon" value="armorFootballHelmet" />
        <property name="CustomIconTint" value="404040" />
        <property class="UMA">
            <property name="Overlay0Tint" value="0, 0, 0" />
        </property>
		<effect_group name="leather w scrap AR">
		<passive_effect name="ModSlots" operation="base_set" value="1,1,2,2,3,4" tier="1,2,3,4,5,6"/>
		<passive_effect name="PhysicalDamageResist" operation="base_add" value="8.8,12"/>
		<passive_effect name="DegradationMax" operation="base_set" value="250,500" tier="1,6"/>
		<passive_effect name="DegradationPerUse" operation="base_set" value="1"/>

		<passive_effect name="Mobility" operation="perc_add" value="-.04"/>
		<passive_effect name="StaminaChangeOT" operation="perc_add" value="-.0281" tags="walking"/>
		<passive_effect name="StaminaChangeOT" operation="perc_add" value="-.0562" tags="running"/>
		<display_value name="dStaminaChangeOT" value="-.562"/>
		<passive_effect name="NoiseMultiplier" operation="perc_add" value=".1"/><display_value name="dNoiseMultiplier" value=".1"/>
		<passive_effect name="BuffResistance" operation="base_add" value=".109,.135" tags="buffInfectionCatch,buffInjuryBleeding,buffInjuryStunned01"/><passive_effect name="BuffResistance" operation="base_add" value=".03" tags="buffInfectionCatch"/><passive_effect name="BuffResistance" operation="base_add" value=".01" tags="buffInjuryBleeding"/>
	</effect_group>
    </item>
    <item name="footballHelmetBlue">
        <property name="CustomIcon" value="armorFootballHelmet" />
        <property name="CustomIconTint" value="2530A8" />
        <property name="Extends" value="armorFootballHelmet" />
        <property class="UMA">
            <property name="Overlay0Tint" value="0, 51, 204" />
        </property>
		<effect_group name="leather w scrap AR">
		<passive_effect name="ModSlots" operation="base_set" value="1,1,2,2,3,4" tier="1,2,3,4,5,6"/>
		<passive_effect name="PhysicalDamageResist" operation="base_add" value="8.8,12"/>
		<passive_effect name="DegradationMax" operation="base_set" value="250,500" tier="1,6"/>
		<passive_effect name="DegradationPerUse" operation="base_set" value="1"/>

		<passive_effect name="Mobility" operation="perc_add" value="-.04"/>
		<passive_effect name="StaminaChangeOT" operation="perc_add" value="-.0281" tags="walking"/>
		<passive_effect name="StaminaChangeOT" operation="perc_add" value="-.0562" tags="running"/>
		<display_value name="dStaminaChangeOT" value="-.562"/>
		<passive_effect name="NoiseMultiplier" operation="perc_add" value=".1"/><display_value name="dNoiseMultiplier" value=".1"/>
		<passive_effect name="BuffResistance" operation="base_add" value=".109,.135" tags="buffInfectionCatch,buffInjuryBleeding,buffInjuryStunned01"/><passive_effect name="BuffResistance" operation="base_add" value=".03" tags="buffInfectionCatch"/><passive_effect name="BuffResistance" operation="base_add" value=".01" tags="buffInjuryBleeding"/>
	</effect_group>
    </item>
    <item name="footballHelmetLime">
        <property name="Extends" value="armorFootballHelmet" />
        <property name="CustomIcon" value="armorFootballHelmet" />
        <property name="CustomIconTint" value="102, 102, 0" />
        <property class="UMA">
            <property name="Overlay0Tint" value="102, 102, 0" />
        </property>
		<effect_group name="leather w scrap AR">
		<passive_effect name="ModSlots" operation="base_set" value="1,1,2,2,3,4" tier="1,2,3,4,5,6"/>
		<passive_effect name="PhysicalDamageResist" operation="base_add" value="8.8,12"/>
		<passive_effect name="DegradationMax" operation="base_set" value="250,500" tier="1,6"/>
		<passive_effect name="DegradationPerUse" operation="base_set" value="1"/>

		<passive_effect name="Mobility" operation="perc_add" value="-.04"/>
		<passive_effect name="StaminaChangeOT" operation="perc_add" value="-.0281" tags="walking"/>
		<passive_effect name="StaminaChangeOT" operation="perc_add" value="-.0562" tags="running"/>
		<display_value name="dStaminaChangeOT" value="-.562"/>
		<passive_effect name="NoiseMultiplier" operation="perc_add" value=".1"/><display_value name="dNoiseMultiplier" value=".1"/>
		<passive_effect name="BuffResistance" operation="base_add" value=".109,.135" tags="buffInfectionCatch,buffInjuryBleeding,buffInjuryStunned01"/><passive_effect name="BuffResistance" operation="base_add" value=".03" tags="buffInfectionCatch"/><passive_effect name="BuffResistance" operation="base_add" value=".01" tags="buffInjuryBleeding"/>
	</effect_group>
    </item>
    <item name="bandanaCamo">
        <property name="Extends" value="apparelBandana" />
		<property name="CustomIcon" value="apparelBandana" />
        <property name="CustomIconTint" value="696B67" />
        <property class="UMA">
            <property name="Mesh" value="gear_bandana" />
            <property name="Overlay0" value="gear_kevlar_helmet" />
            <property name="Layer" value="1" />
            <property name="UISlot" value="Face" />
        </property>
		<effect_group tiered="false">
		<passive_effect name="ModSlots" operation="base_set" value="0"/>
		<passive_effect name="HypothermalResist" operation="base_add" value="1.8,4.2"/>
		<passive_effect name="HyperthermalResist" operation="base_add" value="1.5,2.5"/>
	</effect_group>
    </item>
    <item name="hoodCamo">
        <property name="Extends" value="armorClothHat" />
		<property name="CustomIcon" value="armorClothHat" />
        <property name="CustomIconTint" value="696B67" />
        <property class="UMA">
            <property name="Overlay0" value="gear_kevlar_helmet" />
        </property>
		<effect_group tiered="false">
		<passive_effect name="ModSlots" operation="base_set" value="0"/>
		<passive_effect name="HypothermalResist" operation="base_add" value="1.8,4.2"/>
		<passive_effect name="HyperthermalResist" operation="base_add" value="1.5,2.5"/>
	</effect_group>
    </item>
    <item name="steelBoots">
        <property name="Extends" value="armorIronBoots" />
        <property name="CustomIcon" value="armorIronBoots" />
        <property name="CustomIconTint" value="696B67" />
        <property name="Degradation" value="270" param1="true" />
        <property name="RepairTools" value="forgedSteel" />
        <property class="Attributes">
            <property name="ConcussiveProtection" value="0.4, 0.9" />
            <property name="PunctureProtection" value="0.4, 0.8" />
            <property name="FireProtection" value="0.05, 0.2" />
            <property name="RadiationProtection" value="0.05, 0.2" />
            <property name="DegradationMax" value="40,600" />
        </property>
		<effect_group>
		<passive_effect name="ModSlots" operation="base_set" value="1,1,2,2,3,4" tier="1,2,3,4,5,6"/>
		<passive_effect name="PhysicalDamageResist" operation="base_add" value="11.8,16"/>
		<passive_effect name="ElementalDamageResist" operation="base_add" value="-1" tags="lowerbody,heat,electrical"/>
		<passive_effect name="DegradationMax" operation="base_set" value="500,1000" tier="1,6"/>
		<passive_effect name="DegradationPerUse" operation="base_set" value="1"/>

		<passive_effect name="Mobility" operation="perc_add" value="-.06"/>
		<passive_effect name="StaminaChangeOT" operation="perc_add" value="-.045" tags="walking"/>
		<passive_effect name="StaminaChangeOT" operation="perc_add" value="-.09" tags="running"/>
		<display_value name="dStaminaChangeOT" value="-.9"/>
		<passive_effect name="NoiseMultiplier" operation="perc_add" value=".2"/><display_value name="dNoiseMultiplier" value=".2"/>
		<passive_effect name="BuffResistance" operation="base_add" value=".135,.167" tags="buffInfectionCatch,buffInjuryBleeding,buffInjuryStunned01"/><passive_effect name="BuffResistance" operation="base_add" value=".04" tags="buffInfectionCatch"/><passive_effect name="BuffResistance" operation="base_add" value=".02" tags="buffInjuryBleeding"/>
	</effect_group>
        <property class="UMA">
            <property name="Mesh" value="armor_scrap_metal_feet" />
            <property name="Overlay" value="gear_swat_helmet" />
            <property name="Layer" value="0" />
            <property name="UISlot" value="Footwear" />
        </property>
    </item>
    <item name="steelLegs">
        <property name="Extends" value="armorIronLegs" />
        <property name="CustomIcon" value="armorIronLegs" />
        <property name="CustomIconTint" value="696B67" />
        <property name="Degradation" value="270" param1="true" />
        <property name="RepairTools" value="forgedSteel" />
        <property class="Attributes">
            <property name="ConcussiveProtection" value="0.4, 0.9" />
            <property name="PunctureProtection" value="0.3, 0.6" />
            <property name="FireProtection" value="0.05, 0.2" />
            <property name="RadiationProtection" value="0.05, 0.2" />
            <property name="DegradationMax" value="40,600" />
        </property>
		<effect_group>
		<passive_effect name="ModSlots" operation="base_set" value="1,1,2,2,3,4" tier="1,2,3,4,5,6"/>
		<passive_effect name="PhysicalDamageResist" operation="base_add" value="11.8,16"/>
		<passive_effect name="ElementalDamageResist" operation="base_add" value="-1" tags="lowerbody,heat,electrical"/>
		<passive_effect name="DegradationMax" operation="base_set" value="500,1000" tier="1,6"/>
		<passive_effect name="DegradationPerUse" operation="base_set" value="1"/>
		<passive_effect name="NoiseMultiplier" operation="perc_add" value=".2"/><display_value name="dNoiseMultiplier" value=".2"/>
		<passive_effect name="Mobility" operation="perc_add" value="-.06"/>
		<passive_effect name="StaminaChangeOT" operation="perc_add" value="-.045" tags="walking"/>
		<passive_effect name="StaminaChangeOT" operation="perc_add" value="-.09" tags="running"/>
		<display_value name="dStaminaChangeOT" value="-.9"/>
		<passive_effect name="BuffResistance" operation="base_add" value=".135,.167" tags="buffInfectionCatch,buffInjuryBleeding,buffInjuryStunned01"/><passive_effect name="BuffResistance" operation="base_add" value=".04" tags="buffInfectionCatch"/><passive_effect name="BuffResistance" operation="base_add" value=".02" tags="buffInjuryBleeding"/>
	</effect_group>
        <property class="UMA">
            <property name="Overlay0" value="gear_swat_helmet" />
            <property name="Layer" value="3" />
            <property name="UISlot" value="LegArmor" />
        </property>
    </item>
    <item name="steelChestplate">
        <property name="Extends" value="armorIronChest" />
        <property name="CustomIcon" value="armorIronChest" />
        <property name="CustomIconTint" value="696B67" />
        <property name="Degradation" value="270" param1="true" />
        <property name="RepairTools" value="forgedSteel" />
        <property class="Attributes">
            <property name="ConcussiveProtection" value="0.4, 0.9" />
            <property name="PunctureProtection" value="0.4, 0.6" />
            <property name="FireProtection" value="0.05, 0.2" />
            <property name="RadiationProtection" value="0.05, 0.2" />
            <property name="DegradationMax" value="40,600" />
        </property>
		<effect_group>
		<passive_effect name="ModSlots" operation="base_set" value="1,1,2,2,3,4" tier="1,2,3,4,5,6"/>
		<passive_effect name="PhysicalDamageResist" operation="base_add" value="11.8,16"/>
		<passive_effect name="ElementalDamageResist" operation="base_add" value="-1" tags="upperbody,heat,electrical"/>
		<passive_effect name="DegradationMax" operation="base_set" value="500,1000" tier="1,6"/>
		<passive_effect name="DegradationPerUse" operation="base_set" value="1"/>

		<passive_effect name="Mobility" operation="perc_add" value="-.06"/>
		<passive_effect name="StaminaChangeOT" operation="perc_add" value="-.045" tags="walking"/>
		<passive_effect name="StaminaChangeOT" operation="perc_add" value="-.09" tags="running"/>
		<display_value name="dStaminaChangeOT" value="-.9"/>
		<passive_effect name="NoiseMultiplier" operation="perc_add" value=".2"/><display_value name="dNoiseMultiplier" value=".2"/>
		<passive_effect name="BuffResistance" operation="base_add" value=".135,.167" tags="buffInfectionCatch,buffInjuryBleeding,buffInjuryStunned01"/><passive_effect name="BuffResistance" operation="base_add" value=".04" tags="buffInfectionCatch"/><passive_effect name="BuffResistance" operation="base_add" value=".02" tags="buffInjuryBleeding"/>
	</effect_group>
        <property class="UMA">
            <property name="Overlay0" value="gear_swat_helmet" />
            <property name="Layer" value="2" />
            <property name="UISlot" value="ChestArmor" />
        </property>
    </item>
    <item name="steelHelmet">
        <property name="Extends" value="armorIronHelmet" />
        <property name="CustomIcon" value="armorIronHelmet" />
        <property name="CustomIconTint" value="696B67" />
        <property name="Meshfile" value="Items/Clothing/Head/swatHelmetPrefab" />
        <property name="HoldType" value="21" />
        <property name="Degradation" value="270" param1="true" />
        <property name="RepairTools" value="forgedSteel" />
        <property name="CraftingIngredientTime" value="5" />
        <property class="Attributes">
            <property name="ConcussiveProtection" value="0.4, 0.9" />
            <property name="PunctureProtection" value="0.4, 0.8" />
            <property name="FireProtection" value="0.08, 0.3" />
            <property name="RadiationProtection" value="0.08, 0.3" />
            <property name="DegradationMax" value="40,600" />
        </property>
		<effect_group>
		<passive_effect name="ModSlots" operation="base_set" value="1,1,2,2,3,4" tier="1,2,3,4,5,6"/>
		<passive_effect name="PhysicalDamageResist" operation="base_add" value="11.8,16"/>
		<passive_effect name="ElementalDamageResist" operation="base_add" value="-1" tags="head,heat,electrical"/>
		<passive_effect name="DegradationMax" operation="base_set" value="500,1000" tier="1,6"/>
		<passive_effect name="DegradationPerUse" operation="base_set" value="1"/>

		<passive_effect name="Mobility" operation="perc_add" value="-.06"/>
		<passive_effect name="StaminaChangeOT" operation="perc_add" value="-.045" tags="walking"/>
		<passive_effect name="StaminaChangeOT" operation="perc_add" value="-.09" tags="running"/>
		<display_value name="dStaminaChangeOT" value="-.9"/>
		<passive_effect name="NoiseMultiplier" operation="perc_add" value=".2"/><display_value name="dNoiseMultiplier" value=".2"/>
		<passive_effect name="BuffResistance" operation="base_add" value=".135,.167" tags="buffInfectionCatch,buffInjuryBleeding,buffInjuryStunned01"/><passive_effect name="BuffResistance" operation="base_add" value=".04" tags="buffInfectionCatch"/><passive_effect name="BuffResistance" operation="base_add" value=".02" tags="buffInjuryBleeding"/>
	</effect_group>
        <property class="UMA">
            <property name="Mesh" value="armor_scrapmetal_helmet" />
            <property name="Overlay" value="gear_swat_helmet" />
            <property name="Layer" value="2" />
            <property name="UISlot" value="Headgear, xEyewear" />
            <property name="ShowHair" value="true" />
        </property>
    </item>
    <item name="steelGloves">
        <property name="Extends" value="armorIronGloves" />
        <property name="CustomIcon" value="armorIronGloves" />
        <property name="CustomIconTint" value="696B67" />
        <property name="Degradation" value="270" param1="true" />
        <property name="RepairTools" value="forgedSteel" />
        <property class="Attributes">
            <property name="ConcussiveProtection" value="0.4, 0.9" />
            <property name="PunctureProtection" value="0.4, 0.9" />
            <property name="FireProtection" value="0.08, 0.3" />
            <property name="RadiationProtection" value="0.08, 0.3" />
            <property name="DegradationMax" value="40,600" />
        </property>
		<effect_group>
		<passive_effect name="ModSlots" operation="base_set" value="1,1,2,2,3,4" tier="1,2,3,4,5,6"/>
		<passive_effect name="PhysicalDamageResist" operation="base_add" value="11.8,16"/>
		<passive_effect name="ElementalDamageResist" operation="base_add" value="-1" tags="upperbody,heat,electrical"/>
		<passive_effect name="DegradationMax" operation="base_set" value="500,1000" tier="1,6"/>
		<passive_effect name="DegradationPerUse" operation="base_set" value="1"/>

		<passive_effect name="Mobility" operation="perc_add" value="-.06"/>
		<passive_effect name="StaminaChangeOT" operation="perc_add" value="-.045" tags="walking"/>
		<passive_effect name="StaminaChangeOT" operation="perc_add" value="-.09" tags="running"/>
		<display_value name="dStaminaChangeOT" value="-.9"/>
		<passive_effect name="NoiseMultiplier" operation="perc_add" value=".2"/><display_value name="dNoiseMultiplier" value=".2"/>
		<passive_effect name="BuffResistance" operation="base_add" value=".135,.167" tags="buffInfectionCatch,buffInjuryBleeding,buffInjuryStunned01"/><passive_effect name="BuffResistance" operation="base_add" value=".04" tags="buffInfectionCatch"/><passive_effect name="BuffResistance" operation="base_add" value=".02" tags="buffInjuryBleeding"/>
	</effect_group>
        <property class="UMA">
            <property name="Mesh" value="armor_scrap_metal_hands" />
            <property name="Overlay" value="gear_swat_helmet" />
            <property name="Layer" value="3" />
        </property>
    </item>
    <item name="woolScarf">
        <property name="Extends" value="apparelBandana" />
		<property name="CustomIcon" value="apparelBandana" />
        <property name="CustomIconTint" value="424242" />
        <property name="Insulation" value="15"/>
		<effect_group tiered="false">
		<passive_effect name="ModSlots" operation="base_set" value="0"/>
		<passive_effect name="HypothermalResist" operation="base_add" value="1.8,4.2"/>
		<passive_effect name="HyperthermalResist" operation="base_add" value="1.5,2.5"/>
	</effect_group>
        <property class="UMA">
            <property name="Mesh" value="gear_bandana" />
            <property name="Overlay0" value="coat_puffer_coat" />
            <property name="Layer" value="1" />
            <property name="UISlot" value="Face" />
        </property>
    </item>
    <item name="Bounty_Duster">
        <property name="Extends" value="apparelCoatLeatherDuster" />
        <property name="CustomIcon" value="apparelCoatLeatherDuster" />
        <property name="CustomIconTint" value="424242" />
        <property name="Degradation" value="100000" param1="true" />
        <property class="Attributes">
            <property name="ConcussiveProtection" value="100000" />
            <property name="PunctureProtection" value="100000" />
            <property name="FireProtection" value="100000" />
            <property name="RadiationProtection" value="100000" />
            <property name="DegradationMax" value="100000" />
        </property>
		<effect_group tiered="false">
		<passive_effect name="ModSlots" operation="base_set" value="1"/>
		<passive_effect name="HypothermalResist" operation="base_add" value="100000"/>
		<passive_effect name="HyperthermalResist" operation="base_add" value="100000"/>
	</effect_group>
        <property class="UMA">
		<property name="Mesh" value="clothes_leather_duster"/>
		<property name="Overlay0" value="clothes_leather_duster"/>
		<property name="Layer" value="3"/>
		<property name="UISlot" value="Jacket"/>
		<property name="Mask0" value="hands" param1="outer"/>
		<property name="Mask1" value="chest" param1="middle"/>
        </property>
        <property name="Candrop" value="false" />
        <property name="IsDeveloper" value="true" />
    </item>
    <item name="Bounty_Hat">
        <property name="Extends" value="apparelCowboyHat" />
		<property name="CustomIcon" value="apparelCowboyHat" />
        <property name="CustomIconTint" value="781B8F" />
        <property name="Class" value="ItemClassToggle" />
        <property name="LightSource" value="Entities/Lighting/miningHelmetLightSource" />
        <property name="Meshfile" value="Items/Clothing/Head/MiningHelmetPrefab" />
        <property name="ActivateObject" value="miningHelmetLightSource(Clone)" />
        <property name="Degradation" value="100000" param1="true" />
        <property class="Attributes">
            <property name="ConcussiveProtection" value="100000" />
            <property name="PunctureProtection" value="100000" />
        </property>
		<effect_group tiered="false">
		<passive_effect name="ModSlots" operation="base_set" value="0"/>
		<passive_effect name="HypothermalResist" operation="base_add" value="100000"/>
		<passive_effect name="HyperthermalResist" operation="base_add" value="100000"/>

		<passive_effect name="PhysicalDamageResist" operation="base_add" value="100000"/>
		<display_value name="dStaminaChangeOT" value="0"/>
		<passive_effect name="NoiseMultiplier" operation="perc_add" value=".1"/><display_value name="dNoiseMultiplier" value=".1"/>
		<passive_effect name="BuffResistance" operation="base_add" value="100000" tags="buffInfectionCatch,buffInjuryBleeding,buffInjuryStunned01"/><passive_effect name="BuffResistance" operation="base_add" value="100000" tags="buffInfectionCatch"/><passive_effect name="BuffResistance" operation="base_add" value="0" tags="buffInjuryBleeding"/>
	</effect_group>
        <property class="UMA">
		<property name="Mesh" value="gear_cowboyhat"/>
		<property name="Overlay0" value="gear_cowboyhat"/>
		<property name="Layer" value="2"/>
		<property name="UISlot" value="Headgear"/>
		<property name="Mask0" value="Head" param1="outer"/>
		<property name="ShowAltHair" value="true"/>
        </property>
        <property name="Candrop" value="false" />
        <property name="IsDeveloper" value="true" />
    </item>
    <item name="Bounty_Gloves">
        <property name="Extends" value="armorLeatherGloves" />
        <property name="CustomIcon" value="armorLeatherGloves" />
        <property name="CustomIconTint" value="828285" />
        <property name="Degradation" value="100000" param1="true" />
        <property class="Attributes">
            <property name="ConcussiveProtection" value="100000" />
            <property name="PunctureProtection" value="100000" />
        </property>
		<effect_group>
		<passive_effect name="ModSlots" operation="base_set" value="1,1,2,2,3,4" tier="1,2,3,4,5,6"/>
		<passive_effect name="PhysicalDamageResist" operation="base_add" value="100000"/>
		<passive_effect name="DegradationMax" operation="base_set" value="100000" tier="1,6"/>
		<passive_effect name="DegradationPerUse" operation="base_set" value="1"/>

		<passive_effect name="Mobility" operation="perc_add" value="100000"/>

		<passive_effect name="StaminaChangeOT" operation="perc_add" value="100000" tags="walking"/>
		<passive_effect name="StaminaChangeOT" operation="perc_add" value="100000" tags="running"/>
		<display_value name="dStaminaChangeOT" value="100000"/>
		<passive_effect name="NoiseMultiplier" operation="perc_add" value="0"/><display_value name="dNoiseMultiplier" value="0"/>
		<passive_effect name="BuffResistance" operation="base_add" value="100000" tags="buffInfectionCatch,buffInjuryBleeding,buffInjuryStunned01"/><passive_effect name="BuffResistance" operation="base_add" value="100000" tags="buffInfectionCatch"/><passive_effect name="BuffResistance" operation="base_add" value="0" tags="buffInjuryBleeding"/>
	</effect_group>
        <property class="UMA">
            <property name="Overlay0Tint" value="51, 51, 51" />
        </property>
        <property name="Candrop" value="false" />
        <property name="IsDeveloper" value="true" />
    </item>
    <item name="Bounty_Jeans">
        <property name="Extends" value="apparelDenimPants" />
        <property name="CustomIcon" value="apparelDenimPants" />
        <property name="CustomIconTint" value="575757" />
        <property class="Attributes">
        <property name="ConcussiveProtection" value="100000" />
        <property name="PunctureProtection" value="100000" />
        <property name="FireProtection" value="100000" />
        <property name="RadiationProtection" value="100000" />
        <property name="DegradationMax" value="100000" />
        </property>
		<effect_group tiered="false">
		<passive_effect name="ModSlots" operation="base_set" value="1"/>
		<passive_effect name="HypothermalResist" operation="base_add" value="100000"/>
		<passive_effect name="HyperthermalResist" operation="base_add" value="100000"/>
	</effect_group>
        <property class="UMA">
            <property name="Overlay0Tint" value="51, 51, 51" />
        </property>
        <property name="Candrop" value="false" />
        <property name="IsDeveloper" value="true" />
    </item>
    <item name="Bounty_Boots">
        <property name="Extends" value="apparelWornBoots" />
        <property name="CustomIcon" value="apparelWornBoots" />
        <property name="CustomIconTint" value="424242" />
        <property name="Degradation" value="0" param1="true" />
        <property class="Attributes">
            <property name="ConcussiveProtection" value="100000" />
            <property name="PunctureProtection" value="100000" />
        </property>
		<effect_group tiered="false">
		<passive_effect name="ModSlots" operation="base_set" value="0"/>
		<passive_effect name="HypothermalResist" operation="base_add" value="100000"/>
		<passive_effect name="HyperthermalResist" operation="base_add" value="100000"/>
	</effect_group>
        <property class="UMA">
            <property name="Overlay0Tint" value="51, 51, 51" />
        </property>
        <property name="Candrop" value="false" />
        <property name="IsDeveloper" value="true" />
    </item>
    <item name="Bounty_Shades">
        <property name="Extends" value="apparelShades" />
        <property name="CustomIcon" value="apparelShades" />
        <property name="CustomIconTint" value="781B8F" />
       <property class="UMA">
		<property name="Mesh" value="gear_shades"/>
		<property name="Overlay0" value="gear_shades"/>
		<property name="Layer" value="1"/>
		<property name="UISlot" value="Eyewear"/>
        </property>
        <property name="Candrop" value="false" />
        <property name="IsDeveloper" value="true" />
		<effect_group tiered="false">
		<passive_effect name="ModSlots" operation="base_set" value="0"/>
		<passive_effect name="AttributeLevel" tags="attPerception" operation="base_add" value="100000"/>
	</effect_group>
    </item>
    <item name="winterBoots">
        <property name="CustomIcon" value="apparelHazmatBoots" />
        <property name="CustomIconTint" value="402F13" />
        <property name="Extends" value="apparelHazmatBoots" />
        <property name="DescriptionKey" value=""/>
        <property name="Insulation" value="15"/>
        <property name="Waterproof" value="0.2"/>
        <property class="Attributes">
            <property name="ConcussiveProtection" value="0.05, 0.2" />
            <property name="PunctureProtection" value="0.05, 0.2" />
            <property name="FireProtection" value="0.05, 0.2" />
            <property name="RadiationProtection" value="0.05, 0.2" />
            <property name="DegradationMax" value="40,600" />
        </property>
        <property class="UMA">
		<property name="Mesh" value="armor_hazmat_feet"/>
		<property name="Overlay0" value="armor_hazmat_boots"/>
		<property name="Layer" value="0"/>
		<property name="UISlot" value="Footwear"/>
        </property>
		<effect_group tiered="false">
		<passive_effect name="ModSlots" operation="base_set" value="0"/>
		<passive_effect name="HypothermalResist" operation="base_add" value="2.8,5.2"/>
		<passive_effect name="HyperthermalResist" operation="base_add" value="1"/>
		<passive_effect name="ElementalDamageResist" operation="base_add" value="5" tags="lowerbody,feet,radiation,toxic" match_all_tags="true"/>
	</effect_group>
    </item>
    <item name="winterPants">
        <property name="CustomIcon" value="apparelHazmatPants" />
        <property name="CustomIconTint" value="402F13" />
        <property name="Extends" value="apparelHazmatPants" />
        <property name="DescriptionKey" value=""/>
        <property name="Insulation" value="20"/>
        <property name="Waterproof" value="0.2"/>
        <property class="Attributes">
            <property name="ConcussiveProtection" value="0.05, 0.2" />
            <property name="PunctureProtection" value="0.05, 0.2" />
            <property name="FireProtection" value="0.05, 0.2" />
            <property name="RadiationProtection" value="0.05, 0.2" />
            <property name="DegradationMax" value="40,600" />
        </property>
        <property class="UMA">
		<property name="Mesh" value="armor_hazmat_legs"/>
		<property name="Mask0" value="legs" param1="middle"/>
		<property name="Overlay0" value="armor_hazmat_pants"/>
		<property name="Layer" value="1"/>
		<property name="UISlot" value="Pants"/>
        </property>
		<effect_group tiered="false">
		<passive_effect name="ModSlots" operation="base_set" value="1"/>
		<passive_effect name="HypothermalResist" operation="base_add" value="6.5,9.5"/>
		<passive_effect name="HyperthermalResist" operation="base_add" value="1"/>
		<passive_effect name="ElementalDamageResist" operation="base_add" value="5" tags="lowerbody,legs,radiation,toxic" match_all_tags="true"/>
	</effect_group>
    </item>
    <item name="winterShirt">
        <property name="CustomIcon" value="apparelHazmatJacket" />
        <property name="CustomIconTint" value="402F13" />
        <property name="Extends" value="apparelHazmatJacket" />
        <property name="DescriptionKey" value=""/>
        <property name="Insulation" value="20"/>
        <property name="Waterproof" value="0.2"/>
        <property class="Attributes">
            <property name="ConcussiveProtection" value="0.05, 0.2" />
            <property name="PunctureProtection" value="0.05, 0.2" />
            <property name="FireProtection" value="0.05, 0.2" />
            <property name="RadiationProtection" value="0.05, 0.2" />
            <property name="DegradationMax" value="40,600" />
        </property>
        <property class="UMA">
		<property name="Mesh" value="armor_hazmat_chest"/>
		<property name="Overlay0" value="armor_hazmat_chest"/>
		<property name="Layer" value="3"/>
		<property name="Mask0" value="chest" param1="middle"/>
		<property name="Mask2" value="chest" param1="inner"/>
		<property name="UISlot" value="Jacket"/>
        </property>
		<effect_group tiered="false">
		<passive_effect name="ModSlots" operation="base_set" value="1"/>
		<passive_effect name="HypothermalResist" operation="base_add" value="6.5,9.5"/>
		<passive_effect name="HyperthermalResist" operation="base_add" value="1"/>
		<passive_effect name="ElementalDamageResist" operation="base_add" value="5" tags="upperbody,chest,radiation,toxic" match_all_tags="true"/>
	</effect_group>
    </item>
    <item name="winterGloves">
        <property name="CustomIcon" value="apparelHazmatGloves" />
        <property name="CustomIconTint" value="402F13" />
        <property name="Extends" value="apparelHazmatGloves" />
        <property name="DescriptionKey" value=""/>
        <property name="Insulation" value="10"/>
        <property name="Waterproof" value="0.2"/>
        <property class="Attributes">
            <property name="ConcussiveProtection" value="0.2, 0.4" />
            <property name="PunctureProtection" value="0.1, 0.3" />
        </property>
       <property class="UMA">
		<property name="Mesh" value="armor_hazmat_hands"/>
		<property name="Overlay0" value="armor_hazmat_gloves"/>
		<property name="Layer" value="0"/>
		<property name="UISlot" value="Gloves"/>
        </property>
		<effect_group tiered="false">
		<passive_effect name="ModSlots" operation="base_set" value="0"/>
		<passive_effect name="HypothermalResist" operation="base_add" value="2.8,5.2"/>
		<passive_effect name="HyperthermalResist" operation="base_add" value="1"/>
		<passive_effect name="ElementalDamageResist" operation="base_add" value="10" tags="upperbody,hands,radiation,toxic" match_all_tags="true"/>
	</effect_group>
        </item>
	<item name="winterMask">
        <property name="CustomIcon" value="apparelHazmatMask" />
        <property name="CustomIconTint" value="402F13" />
        <property name="Extends" value="apparelHazmatMask" />
        <property name="DescriptionKey" value=""/>
        <property name="Insulation" value="15"/>
        <property name="Waterproof" value="0.2"/>
        <property class="Attributes">
            <property name="ConcussiveProtection" value="0.05, 0.2" />
            <property name="PunctureProtection" value="0.05, 0.2" />
            <property name="FireProtection" value="0.05, 0.2" />
            <property name="RadiationProtection" value="0.05, 0.2" />
            <property name="DegradationMax" value="40,600" />
        </property>
        <property class="UMA">
		<property name="Mesh" value="armor_hazmat_head"/>
		<property name="Overlay0" value="armor_hazmat_hood"/>
		<property name="Layer" value="middle"/>
		<property name="UISlot" value="Headgear"/>
		<property name="Mask1" value="Head" param1="inner"/>
		<property name="Mask3" value="Face" param1="inner"/>
		<property name="Mask4" value="Face" param1="middle"/>
		<property name="Mask5" value="Face" param1="outer"/>
		<property name="ShowAltHair" value="true"/>
        </property>
		<effect_group tiered="false">
		<passive_effect name="ModSlots" operation="base_set" value="0"/>
		<passive_effect name="HypothermalResist" operation="base_add" value="6.5,9.5"/>
		<passive_effect name="HyperthermalResist" operation="base_add" value="1"/>
		<passive_effect name="ElementalDamageResist" operation="base_add" value="6" tags="head,radiation" match_all_tags="true"/>
		<passive_effect name="ElementalDamageResist" operation="base_add" value="15" tags="head,toxic" match_all_tags="true"/>
	</effect_group>
    </item>
		</append>
</Valmar>