<Valmar>
<append xpath="/lootcontainers/lootgroup[@name='warmClothes']">	
		<item name="winterBoots" count="1" prob=".4"/>
		<item name="winterPants" count="1" prob=".4"/>
		<item name="winterShirt" count="1" prob=".4"/>
		<item name="winterGloves" count="1" prob=".4"/>
		<item name="woolScarf" count="1" prob=".4"/>
		<item name="winterMask" count="1" prob=".4"/>
		</append>
<append xpath="/lootcontainers/lootgroup[@name='groupApparelClothes']">	
		<item name="hoodPurple" count="1" prob=".4"/>
		<item name="hoodRed" count="1" prob=".4"/>
		<item name="hoodGreen" count="1" prob=".4"/>
		<item name="hoodBlue" count="1" prob=".4"/>
		<item name="hoodBrown" count="1" prob=".4"/>
		<item name="hoodBlack" count="1" prob=".4"/>
		<item name="footballHelmetRed" count="1" prob=".4"/>
		<item name="footballHelmetGreen" count="1" prob=".4"/>
		<item name="footballHelmetBlack" count="1" prob=".4"/>
		<item name="footballHelmetBlue" count="1" prob=".4"/>
		<item name="footballHelmetLime" count="1" prob=".4"/>
		<item name="pimpHat" count="1" prob=".4"/>
		<item name="hoodCamo" count="1" prob=".4"/>
		<item name="bandanaCamo" count="1" prob=".4"/>
		</append>
</Valmar>