<stallionsden>
<append xpath="/recipes">
<recipe name="pimpHat" count="1"  >
	<ingredient name="resourceCloth" count="4"/>
	<ingredient name="resourceSewingKit" count="1"/>
	<ingredient name="resourceLeather" count="4"/>
	<ingredient name="modDyePurple" count="1"/>
	</recipe>

<recipe name="hoodPurple" count="1"  >
	<ingredient name="resourceCloth" count="12"/>
	<ingredient name="resourceSewingKit" count="1"/>
	<ingredient name="resourceLeather" count="6"/>
	<ingredient name="modDyePurple" count="1"/>
</recipe>

<recipe name="hoodRed" count="1"  >
	<ingredient name="resourceCloth" count="12"/>
	<ingredient name="resourceSewingKit" count="1"/>
	<ingredient name="resourceLeather" count="8"/>
	<ingredient name="modDyeRed" count="1"/>
</recipe>

<recipe name="hoodGreen" count="1"  >
	<ingredient name="resourceCloth" count="6"/>
	<ingredient name="resourceSewingKit" count="1"/>
	<ingredient name="resourceLeather" count="4"/>
	<ingredient name="modDyeGreen" count="1"/>
</recipe>

<recipe name="hoodBlue" count="1"  >
	<ingredient name="resourceCloth" count="12"/>
	<ingredient name="resourceSewingKit" count="1"/>
	<ingredient name="resourceLeather" count="8"/>
	<ingredient name="modDyeBlue" count="1"/>
</recipe>

<recipe name="hoodBrown" count="1"  >
	<ingredient name="resourceCloth" count="4"/>
	<ingredient name="resourceSewingKit" count="1"/>
	<ingredient name="resourceLeather" count="4"/>
	<ingredient name="modDyeBrown" count="1"/>
	</recipe>

<recipe name="hoodBlack" count="1"  >
	<ingredient name="resourceCloth" count="12"/>
	<ingredient name="resourceSewingKit" count="1"/>
	<ingredient name="resourceLeather" count="6"/>
	<ingredient name="modDyeBlack" count="1"/>
</recipe>

<recipe name="footballHelmetRed" count="1"  >
	<ingredient name="resourceForgedSteel" count="12"/>
	<ingredient name="resourceLeather" count="1"/>
	<ingredient name="resourceSewingKit" count="2"/>
	<ingredient name="resourceMetalPipe" count="4"/>
	<ingredient name="modDyeRed" count="1"/>
</recipe>

<recipe name="footballHelmetGreen" count="1"  >
	<ingredient name="resourceForgedSteel" count="6"/>
	<ingredient name="resourceLeather" count="1"/>
	<ingredient name="resourceSewingKit" count="2"/>
	<ingredient name="resourceMetalPipe" count="4"/>
	<ingredient name="modDyeGreen" count="1"/>
</recipe>

<recipe name="footballHelmetBlack" count="1"  >
	<ingredient name="resourceForgedSteel" count="12"/>
	<ingredient name="resourceLeather" count="1"/>
	<ingredient name="resourceSewingKit" count="2"/>
	<ingredient name="resourceMetalPipe" count="4"/>
	<ingredient name="modDyeBlack" count="1"/>
</recipe>
<!-- -->
<recipe name="footballHelmetBlue" count="1"  >
	<ingredient name="resourceForgedSteel" count="4"/>
	<ingredient name="resourceLeather" count="1"/>
	<ingredient name="resourceSewingKit" count="2"/>
	<ingredient name="resourceMetalPipe" count="4"/>
	<ingredient name="modDyeBlue" count="1"/>
	</recipe>

<recipe name="footballHelmetLime" count="1"  >
	<ingredient name="resourceForgedSteel" count="12"/>
	<ingredient name="resourceLeather" count="1"/>
	<ingredient name="resourceSewingKit" count="2"/>
	<ingredient name="resourceMetalPipe" count="4"/>
	<ingredient name="modDyeYellow" count="1"/>
</recipe>

<recipe name="bandanaCamo" count="1"  >
	<ingredient name="resourceCloth" count="4"/>
	<ingredient name="modDyeGreen" count="8"/>
	<ingredient name="resourceSewingKit" count="1"/>
</recipe>

<recipe name="hoodCamo" count="1"  >
	<ingredient name="resourceCloth" count="5"/>
	<ingredient name="resourceDuctTape" count="1"/>
	<ingredient name="modDyeWhite" count="1"/>
	<ingredient name="resourceSewingKit" count="1"/>
</recipe>

<recipe name="steelBoots" count="1"  >
	<ingredient name="resourceForgedSteel" count="15"/>
	<ingredient name="resourceLeather" count="5"/>
	<ingredient name="resourceDuctTape" count="1"/>
	<ingredient name="resourceSewingKit" count="1"/>
</recipe>

<recipe name="steelLegs" count="1"  >
	<ingredient name="resourceForgedSteel" count="15"/>
	<ingredient name="resourceLeather" count="5"/>
	<ingredient name="resourceDuctTape" count="1"/>
	<ingredient name="resourceSewingKit" count="1"/>
	</recipe>

<recipe name="steelChestplate" count="1"  >
	<ingredient name="resourceForgedSteel" count="15"/>
	<ingredient name="resourceLeather" count="5"/>
	<ingredient name="resourceDuctTape" count="1"/>
	<ingredient name="resourceSewingKit" count="1"/>
</recipe>

<recipe name="steelHelmet" count="1"  >
	<ingredient name="resourceForgedSteel" count="15"/>
	<ingredient name="resourceLeather" count="5"/>
	<ingredient name="resourceDuctTape" count="1"/>
	<ingredient name="resourceSewingKit" count="1"/>
</recipe>

<recipe name="steelGloves" count="1"  >
	<ingredient name="resourceForgedSteel" count="15"/>
	<ingredient name="resourceLeather" count="5"/>
	<ingredient name="resourceDuctTape" count="1"/>
	<ingredient name="resourceSewingKit" count="1"/>
</recipe>

<recipe name="woolScarf" count="1"  >
<ingredient name="resourceCloth" count="4"/>
<ingredient name="resourceSewingKit" count="1"/>
</recipe>
<!--
<recipe name="Bounty_Duster" count="1"  >
	<ingredient name="resourceLeather" count="5"/>
	<ingredient name="resourceSewingKit" count="1"/>
	</recipe>

<recipe name="Bounty_Hat" count="1"  >
	<ingredient name="resourceLeather" count="5"/>
	<ingredient name="resourceSewingKit" count="1"/>
</recipe>

<recipe name="Bounty_Gloves" count="1"  >
	<ingredient name="resourceLeather" count="5"/>
	<ingredient name="resourceDuctTape" count="1"/>
	<ingredient name="resourceSewingKit" count="1"/>
</recipe>

<recipe name="Bounty_Jeans" count="1"  >
	<ingredient name="resourceCloth" count="25"/>
	<ingredient name="resourceSewingKit" count="1"/>
</recipe>

<recipe name="Bounty_Boots" count="1"  >
	<ingredient name="resourceLeather" count="5"/>
	<ingredient name="resourceScrapPolymers" count="5"/>
	<ingredient name="resourceSewingKit" count="1"/>
</recipe>

<recipe name="Bounty_Shades" count="1"  >
	<ingredient name="resourceBrokenGlass" count="4"/>
	<ingredient name="resourceScrapBrass" count="1"/>
	<ingredient name="resourceCloth" count="4"/>
	<ingredient name="resourceScrapLead" count="1"/>
	<ingredient name="resourceSewingKit" count="1"/>
	</recipe>-->

<recipe name="winterBoots" count="1"  >
	<ingredient name="resourceScrapPolymers" count="12"/>
	<ingredient name="resourceLeather" count="10"/>
	<ingredient name="resourcePaint" count="1"/>
	<ingredient name="resourceScrapLead" count="5"/>
	<ingredient name="resourceSewingKit" count="2"/>
</recipe>

<recipe name="winterPants" count="1"  >
	<ingredient name="resourceScrapPolymers" count="12"/>
	<ingredient name="resourceLeather" count="10"/>
	<ingredient name="resourcePaint" count="1"/>
	<ingredient name="resourceScrapLead" count="5"/>
	<ingredient name="resourceSewingKit" count="2"/>
</recipe>

<recipe name="winterShirt" count="1"  >
	<ingredient name="resourceScrapPolymers" count="12"/>
	<ingredient name="resourceLeather" count="10"/>
	<ingredient name="resourcePaint" count="1"/>
	<ingredient name="resourceScrapLead" count="5"/>
	<ingredient name="resourceSewingKit" count="2"/>
</recipe>

<recipe name="winterGloves" count="1"  >
	<ingredient name="resourceScrapPolymers" count="12"/>
	<ingredient name="resourceLeather" count="10"/>
	<ingredient name="resourcePaint" count="1"/>
	<ingredient name="resourceScrapLead" count="5"/>
	<ingredient name="resourceSewingKit" count="2"/>
</recipe>

<recipe name="winterMask" count="1"  >
	<ingredient name="resourceScrapPolymers" count="12"/>
	<ingredient name="resourceLeather" count="10"/>
	<ingredient name="resourcePaint" count="1"/>
	<ingredient name="resourceScrapLead" count="5"/>
	<ingredient name="resourceSewingKit" count="2"/>
</recipe>
</append>
</stallionsden>