<Valmar>
<append xpath="/blocks">
	<block name="Pig Trough">
	<property name="CustomIcon" value="sleeperBoarAnimal" />
    <property name="Material" value="Morganic" />
    <property name="Shape" value="ModelEntity" />
	<property name="IsTerrainDecoration" value="true"/>
	<property name="Model" value="Entities/Animals/Pig/PIG" />
	<property name="ModelOffset" value="0,0,0"/>
    <drop event="Destroy" count="0" />
  </block>
  
  
  	<block name="Stag Trough">
	<property name="CustomIcon" value="sleeperWolfAnimal" />
    <property name="Material" value="Morganic" />
    <property name="Shape" value="ModelEntity" />
	<property name="PhysicsBody" value="Doe"/>
	<property name="IsTerrainDecoration" value="true"/>
	<property name="Model" value="Entities/Animals/Deer/animalDeerStagRagdoll" />
	<property name="ModelOffset" value="0,0,0"/>
    <drop event="Destroy" count="0" />
  </block>
  
  	<block name="Rabbit Trough">
	<property name="CustomIcon" value="sleeperWolfAnimal" />
    <property name="Material" value="Morganic" />
    <property name="Shape" value="ModelEntity" />
	<property name="IsTerrainDecoration" value="true"/>
	<property name="Model" value="Entities/Animals/Rabbit/RABBIT" />
	<property name="ModelOffset" value="0,0,0"/>
    <drop event="Destroy" count="0" />
  </block>
  
  	<!--<block name="Chicken Trough">
	<property name="CustomIcon" value="sleeperWolfAnimal" />
    <property name="Material" value="Morganic" />
    <property name="Shape" value="ModelEntity" />
	<property name="PhysicsBody" value="chicken"/>
	<property name="IsTerrainDecoration" value="true"/>
	<property name="Model" value="Entities/Animals/CHICKEN/chickenPrefab" />
	<property name="ModelOffset" value="0,1,0"/>
	<property name="RotateToGround" value="true"/>
    <drop event="Destroy" count="0" />
  </block>-->
  
  <block name="Snake Trough">
	<property name="CustomIcon" value="sleeperSnakeAnimal" />
    <property name="Material" value="Morganic" />
    <property name="Shape" value="ModelEntity" />
	<property name="IsTerrainDecoration" value="true"/>
	<property name="Model" value="Entities/Animals/Snake/snake_Prefab" />
	<property name="ModelOffset" value="0,0,0"/>
    <drop event="Destroy" count="0" />
  </block>
  
  	<block name="Boar Trough">
	<property name="CustomIcon" value="sleeperBoarAnimal" />
    <property name="Material" value="Morganic" />
    <property name="Shape" value="ModelEntity" />
	<property name="PhysicsBody" value="bear"/>
	<property name="IsTerrainDecoration" value="true"/>
	<property name="Model" value="Entities/Animals/Boar/BOAR" />
	<property name="ModelOffset" value="0,0,0"/>
    <drop event="Destroy" count="0" />
  </block>  
  
  <block name="BossGrace Trough">
	<property name="CustomIcon" value="sleeperBoarAnimal" />
    <property name="Material" value="Morganic" />
    <property name="Shape" value="ModelEntity" />
	<property name="IsTerrainDecoration" value="true"/>
	<property name="Model" value="Entities/Animals/Boar/AnimalBossGrace" />
	<property name="ModelOffset" value="0,0,0"/>
    <drop event="Destroy" count="0" />
  </block>
  
  	<block name="Bear Trough">
	<property name="CustomIcon" value="sleeperBearAnimal" />
    <property name="Material" value="Morganic" />
    <property name="Shape" value="ModelEntity" />
	<property name="IsTerrainDecoration" value="true"/>
	<property name="Model" value="Entities/Animals/Bear/animalBearStandardRagdoll" />
	<property name="ModelOffset" value="0,0,0"/>
    <drop event="Destroy" count="0" />
  </block>
  
  	<block name="ZombieBear Trough" extends="animalBear">
	<property name="CustomIcon" value="sleeperBearAnimal" />
	<property name="ReplaceMaterial0" value="Entities/Animals/Bear/Materials/zBear"/>
	<property name="ReplaceMaterial1" value="Materials/UMAFur_ZombieBear"/>
    <property name="Material" value="Morganic" />
    <property name="Shape" value="ModelEntity" />
	<property name="PhysicsBody" value="bear"/>
	<property name="IsTerrainDecoration" value="true"/>
	<property name="Model" value="Entities/Animals/Bear/animalBearStandardRagdoll" />
	<property name="ModelOffset" value="0,0,0"/>
    <drop event="Destroy" count="0" />
  </block>
 
  	<block name="Wolf Trough">
	<property name="CustomIcon" value="sleeperWolfAnimal" />
    <property name="Material" value="Morganic" />
    <property name="Shape" value="ModelEntity" />
	<property name="IsTerrainDecoration" value="true"/>
	<property name="Model" value="Entities/Animals/Wolf/animalStandardWolfRagdoll" />
	<property name="ModelOffset" value="0,0,0"/>
    <drop event="Destroy" count="0" />
  </block>
  
  	<block name="Coyote Trough">
	<property name="CustomIcon" value="sleeperWolfAnimal" />
    <property name="Material" value="Morganic" />
    <property name="Shape" value="ModelEntity" />
	<property name="IsTerrainDecoration" value="true"/>
	<property name="Model" value="Entities/Animals/Wolf/animalStandardCoyoteRagdoll" />
	<property name="ModelOffset" value="0,0,0"/>
    <drop event="Destroy" count="0" />
  </block>
  
  	<block name="DireWolf Trough">
	<property name="CustomIcon" value="sleeperWolfAnimal" />
    <property name="Material" value="Morganic" />
    <property name="Shape" value="ModelEntity" />
	<property name="IsTerrainDecoration" value="true"/>
	<property name="Model" value="Entities/Animals/Wolf/animalStandardWolfRagdoll" />
	<property name="ModelOffset" value="0,0,0"/>
    <drop event="Destroy" count="0" />
  </block>
  
  	<block name="MountainLion Trough">
	<property name="CustomIcon" value="sleeperWolfAnimal" />
    <property name="Material" value="Morganic" />
    <property name="Shape" value="ModelEntity" />
	<property name="IsTerrainDecoration" value="true"/>
	<property name="Model" value="Entities/Animals/Mountain_Lion/animalStandardMountainLionRagdoll" />
	<property name="ModelOffset" value="0,0,0"/>
    <drop event="Destroy" count="0" />
  </block>
  
  <!--	<block name="ZombieVulture Trough">
	<property name="CustomIcon" value="sleeperVultureAnimal" />
    <property name="Material" value="Morganic" />
    <property name="Shape" value="ModelEntity" />
	<property name="PhysicsBody" value="vulture"/>
	<property name="IsTerrainDecoration" value="true"/>
	<property name="Mass" value="35"/>
	<property name="SizeScale" value=".7"/>
	<property name="Model" value="Entities/Animals/Vulture/animalVultureStandardRagdoll" />
	<property name="ModelOffset" value="0,1,0"/>
	<property name="RotateToGround" value="true"/>
    <drop event="Destroy" count="0" />
  </block>
  
	<block name="ZombieVultureRadiated Trough" extends="animalZombieVulture">
	<property name="CustomIcon" value="sleeperVultureAnimal" />
	<property name="Radiated" value=""/>
	<property name="PhysicsBody" value="vulture"/>
	<property name="Mass" value="50"/>
	<property name="SizeScale" value="1.2"/>
    <property name="Material" value="Morganic" />
    <property name="Shape" value="ModelEntity" />
	<property name="IsTerrainDecoration" value="true"/>
	<property name="Model" value="Entities/Animals/Vulture/animalVultureStandardRagdoll" />
	<property name="ModelOffset" value="0,1,0"/>
	<property name="RotateToGround" value="true"/>
    <drop event="Destroy" count="0" />
  </block>-->
    
  	<block name="ZombieDog Trough">
	<property name="CustomIcon" value="sleeperWolfAnimal" />
    <property name="Material" value="Morganic" />
    <property name="Shape" value="ModelEntity" />
	<property name="IsTerrainDecoration" value="true"/>
	<property name="Model" value="Entities/Animals/Wolf/animalStandardDogZombieRagdoll" />
	<property name="ModelOffset" value="0,0,0"/>
    <drop event="Destroy" count="0" />
  </block>	  	
</append>
</Valmar>