<Valmar>
<append xpath="/recipes">
<recipe name="Pig Trough" count="1" scrapable="False" >
  <ingredient name="resourceWood" count="12" />
  <ingredient name="foodCornOnTheCob" count="3" />
  <ingredient name="resourceBone" count="10" />
</recipe>

<recipe name="Stag Trough" count="1" scrapable="False" >
  <ingredient name="resourceWood" count="12" />
  <ingredient name="foodCropYuccaFruit" count="3" />
   <ingredient name="resourceBone" count="15" />
</recipe>

<recipe name="Rabbit Trough" count="1" scrapable="False" >
  <ingredient name="resourceWood" count="12" />
  <ingredient name="resourceCropGoldenrodPlant" count="3" />
   <ingredient name="resourceBone" count="4" />
</recipe>

<!--<recipe name="Chicken Trough" count="1" scrapable="False" >
  <ingredient name="resourceWood" count="12" />
  <ingredient name="resourceCropCottonPlant" count="3" />
   <ingredient name="resourceBone" count="2" />
</recipe>-->

<recipe name="Snake Trough" count="1" scrapable="False" >
  <ingredient name="resourceWood" count="12" />
  <ingredient name="foodEgg" count="5" />
   <ingredient name="resourceBone" count="1" />
</recipe>

<recipe name="Boar Trough" count="1" scrapable="False" >
  <ingredient name="resourceWood" count="10" />
  <ingredient name="foodCropPumpkin" count="6" />
   <ingredient name="resourceBone" count="8" />
</recipe>

<recipe name="BossGrace Trough" count="1" scrapable="False" >
  <ingredient name="resourceWood" count="14" />
  <ingredient name="foodCropGraceCorn" count="13" />
   <ingredient name="resourceBone" count="35" />
</recipe>


<recipe name="Bear Trough" count="1" scrapable="False" >
  <ingredient name="resourceWood" count="12" />
  <ingredient name="foodRawMeat" count="10" />
   <ingredient name="resourceBone" count="21" />
</recipe>

<recipe name="ZombieBear Trough" count="1" scrapable="False" >
  <ingredient name="resourceWood" count="12" />
  <ingredient name="foodRawMeat" count="25" />
   <ingredient name="resourceBone" count="30" />
</recipe>

<recipe name="Wolf Trough" count="1" scrapable="False" >
  <ingredient name="resourceWood" count="12" />
  <ingredient name="foodRawMeat" count="8" />
   <ingredient name="resourceBone" count="12" />
</recipe>

<recipe name="Coyote Trough" count="1" scrapable="False" >
  <ingredient name="resourceWood" count="12" />
  <ingredient name="foodRawMeat" count="5" />
   <ingredient name="resourceBone" count="6" />
</recipe>

<recipe name="DireWolf Trough" count="1" scrapable="False" >
  <ingredient name="resourceWood" count="10" />
  <ingredient name="foodRawMeat" count="11" />
   <ingredient name="resourceBone" count="16" />
</recipe>

<recipe name="MountainLion Trough" count="1" scrapable="False" >
  <ingredient name="resourceWood" count="9" />
  <ingredient name="foodRawMeat" count="20" />
   <ingredient name="resourceBone" count="14" />
</recipe>

<!--<recipe name="ZombieVulture Trough" count="1" scrapable="False" >
  <ingredient name="resourceWood" count="9" />
  <ingredient name="foodRottingFlesh" count="4" />
   <ingredient name="resourceBone" count="7" />
</recipe>

<recipe name="ZombieVultureRadiated Trough" count="1" scrapable="False" >
  <ingredient name="resourceWood" count="9" />
  <ingredient name="foodRottingFlesh" count="4" />
   <ingredient name="resourceBone" count="9" />
</recipe>-->

<recipe name="ZombieDog Trough" count="1" scrapable="False" >
  <ingredient name="resourceWood" count="10" />
  <ingredient name="foodRottingFlesh" count="7" />
  <ingredient name="resourceBone" count="8" />
</recipe>
</append>
</Valmar>