<Valmar>
	<append xpath="/blocks/block[@name='treeJuniper4m']">
	<property name="FallOver" value="false" />
	</append>
	
	<append xpath="/blocks/block[@name='treeDeadTree01']">
	<property name="FallOver" value="false" />
	</append>
	
	<append xpath="/blocks/block[@name='treeDeadTree02']">
	<property name="FallOver" value="false" />
	</append>
	
	<append xpath="/blocks/block[@name='treeOakSml01']">
	<property name="FallOver" value="false" />
	</append>
	
	<append xpath="/blocks/block[@name='treeOakMed01']">
	<property name="FallOver" value="false" />
	</append>
	
	<append xpath="/blocks/block[@name='treeOakMed02']">
	<property name="FallOver" value="false" />
	</append>
	
	<append xpath="/blocks/block[@name='treeOakLrg01']">
	<property name="FallOver" value="false" />
	</append>
	
	<append xpath="/blocks/block[@name='treePlantedOak1m']">
	<property name="FallOver" value="false" />
	</append>
	
	<append xpath="/blocks/block[@name='treePlantedOak08m']">
	<property name="FallOver" value="false" />
	</append>
	
	<append xpath="/blocks/block[@name='treePlantedOak16m']">
	<property name="FallOver" value="false" />
	</append>
	
	<append xpath="/blocks/block[@name='treePlantedOak27m']">
	<property name="FallOver" value="false" />
	</append>
	
	<append xpath="/blocks/block[@name='treePlantedOak41m']">
	<property name="FallOver" value="false" />
	</append>
	
	<append xpath="/blocks/block[@name='treePlainsTree']">
	<property name="FallOver" value="false" />
	</append>
	
	<append xpath="/blocks/block[@name='treePlainsTree2']">
	<property name="FallOver" value="false" />
	</append>
	
	<append xpath="/blocks/block[@name='treeDeadPineLeaf']">
	<property name="FallOver" value="false" />
	</append>
	
	<append xpath="/blocks/block[@name='treeSnowyDeadBush']">
	<property name="FallOver" value="false" />
	</append>
	
	<append xpath="/blocks/block[@name='treeAzalea']">
	<property name="FallOver" value="false" />
	</append>
	
	<append xpath="/blocks/block[@name='treeMountainPine12m']">
	<property name="FallOver" value="false" />
	</append>
	
	<append xpath="/blocks/block[@name='treeMountainPine19m']">
	<property name="FallOver" value="false" />
	</append>
	
	<append xpath="/blocks/block[@name='treeMountainPine27m']">
	<property name="FallOver" value="false" />
	</append>
	
	<append xpath="/blocks/block[@name='treeMountainPine31m']">
	<property name="FallOver" value="false" />
	</append>
	
	<append xpath="/blocks/block[@name='treeMountainPine41m']">
	<property name="FallOver" value="false" />
	</append>
	
	<append xpath="/blocks/block[@name='treeMountainPine48m']">
	<property name="FallOver" value="false" />
	</append>
	
	<append xpath="/blocks/block[@name='treeMountainPineDry21m']">
	<property name="FallOver" value="false" />
	</append>
	
	<append xpath="/blocks/block[@name='treeFirLrg01']">
	<property name="FallOver" value="false" />
	</append>
	
	<append xpath="/blocks/block[@name='treePlantedMountainPine1m']">
	<property name="FallOver" value="false" />
	</append>
	
	<append xpath="/blocks/block[@name='treePlantedMountainPine12m']">
	<property name="FallOver" value="false" />
	</append>
	
	<append xpath="/blocks/block[@name='treePlantedMountainPine19m']">
	<property name="FallOver" value="false" />
	</append>
	
	<append xpath="/blocks/block[@name='treePlantedMountainPine27m']">
	<property name="FallOver" value="false" />
	</append>
	
	<append xpath="/blocks/block[@name='treePlantedMountainPine41m']">
	<property name="FallOver" value="false" />
	</append>
	
	<append xpath="/blocks/block[@name='treeWinterEverGreen']">
	<property name="FallOver" value="false" />
	</append>
	
	<append xpath="/blocks/block[@name='treeWinterPine13m']">
	<property name="FallOver" value="false" />
	</append>
	
	<append xpath="/blocks/block[@name='treeWinterPine19m']">
	<property name="FallOver" value="false" />
	</append>
	
	<append xpath="/blocks/block[@name='treeWinterPine28m']">
	<property name="FallOver" value="false" />
	</append>
	
	<append xpath="/blocks/block[@name='treePlantedWinterPine1m']">
	<property name="FallOver" value="false" />
	</append>
	
	<append xpath="/blocks/block[@name='treePlantedWinterPine6m']">
	<property name="FallOver" value="false" />
	</append>
	
	<append xpath="/blocks/block[@name='treePlantedWinterPine13m']">
	<property name="FallOver" value="false" />
	</append>
	
	<append xpath="/blocks/block[@name='treePlantedWinterPine19m']">
	<property name="FallOver" value="false" />
	</append>
	
	<append xpath="/blocks/block[@name='treePlantedWinterPine28m']">
	<property name="FallOver" value="false" />
	</append>
	
	<append xpath="/blocks/block[@name='treeBurntMaple01']">
	<property name="FallOver" value="false" />
	</append>
	
	<append xpath="/blocks/block[@name='treeBurntMaple02']">
	<property name="FallOver" value="false" />
	</append>
	
	<append xpath="/blocks/block[@name='treeBurntMaple03']">
	<property name="FallOver" value="false" />
	</append>
	
</Valmar>