<Valmar>	
	<append xpath="/blocks">
	 <!-- Class Mod -->
    <block name="Class - Hunter (Locked)">
        <property name="Group" value="Class System" />
        <property name="CustomIcon" value="Class - Hunter" />
		<property name="DescriptionKey" value="Class - Hunter (Locked)Desc"/>
        <!--        <property name="CustomIcon" value="suitcase" /> -->
        <property name="Material" value="Mcloth" />
       <property name="Shape" value="ModelEntity"/>
        <property name="Mesh" value="models" />
        <property name="Model" value="#Entities/LootContainers?luggageMediumClosedPrefab.prefab"/>
        <property name="Place" value="TowardsPlacer" />
        <drop event="Destroy" count="0" prob="1" />
        <property name="CanPickup" value="true" />
        <property name="DowngradeBlock" value="Class - Hunter" />
        <property class="UpgradeBlock">
            <property name="ToBlock" value="Class - Hunter" />
            <property name="Item" value="classKey" />
            <property name="ItemCount" value="1" />
            <property name="UpgradeHitCount" value="1" />
        </property>
    </block>
	
    <block name="Class - Hunter">
        <property name="Class" value="Loot" />
        <property name="Group" value="Survival" />
		<property name="DescriptionKey" value="Class - HunterDesc"/>
		 <property name="Material" value="Mcloth" />
        <!--        <property name="CustomIcon" value="suitcase" /> -->
       <property name="Shape" value="ModelEntity"/>
        <property name="Mesh" value="models" />
        <property name="Model" value="#Entities/LootContainers?luggageMediumClosedPrefab.prefab"/>
        <property name="Place" value="TowardsPlacer" />
        <property name="LootList" value="400" />
        <drop event="Destroy" count="0" />
        <drop event="Fall" name="woodDebris" count="1" prob="1.0"  stick_chance=".75" />
        <property name="LPHardnessScale" value="8" />
    </block>
	<!-- **************************************** -->
	<!-- **************************************** -->
	<!-- **************************************** -->
	<!-- **************************************** -->
    <block name="Class - Builder (Locked)">
        <property name="CustomIcon" value="Class - Builder" />
        <property name="Group" value="Class System" />
		<property name="DescriptionKey" value="Class - Builder (Locked)Desc"/>
        <!--        <property name="CustomIcon" value="suitcase" /> -->
        <property name="Material" value="Mcloth" />
       <property name="Shape" value="ModelEntity"/>
        <property name="Mesh" value="models" />
        <property name="Model" value="#Entities/LootContainers?luggageMediumClosedPrefab.prefab"/>
        <property name="Place" value="TowardsPlacer" />
        <drop event="Destroy" count="0" prob="1" />
        <property name="CanPickup" value="true" />
        <property name="DowngradeBlock" value="Class - Builder" />
        <property class="UpgradeBlock">
            <property name="ToBlock" value="Class - Builder" />
            <property name="Item" value="classKey" />
            <property name="ItemCount" value="1" />
            <property name="UpgradeHitCount" value="1" />
        </property>
    </block>
	
    <block name="Class - Builder">
        <property name="Class" value="Loot" />
        <property name="Group" value="Survival" />
		<property name="DescriptionKey" value="Class - BuilderDesc"/>
		<property name="Material" value="Mcloth" />
        <!--        <property name="CustomIcon" value="suitcase" /> -->
       <property name="Shape" value="ModelEntity"/>
        <property name="Mesh" value="models" />
        <property name="Model" value="#Entities/LootContainers?luggageMediumClosedPrefab.prefab"/>
        <property name="Place" value="TowardsPlacer" />
        <property name="LootList" value="401" />
        <drop event="Destroy" count="0" />
        <drop event="Fall" name="woodDebris" count="1" prob="1.0"  stick_chance=".75" />
        <property name="LPHardnessScale" value="8" />
    </block>
	<!-- **************************************** -->
	<!-- **************************************** -->
	<!-- **************************************** -->
	<!-- **************************************** -->
    <block name="Class - Rifleman (Locked)">
        <property name="Group" value="Class System" />
        <property name="CustomIcon" value="Class - Rifleman" />
		<property name="DescriptionKey" value="Class - Rifleman (Locked)Desc"/>
        <!--        <property name="CustomIcon" value="suitcase" /> -->
        <property name="Material" value="Mcloth" />
       <property name="Shape" value="ModelEntity"/>
        <property name="Mesh" value="models" />
        <property name="Model" value="#Entities/LootContainers?luggageMediumClosedPrefab.prefab"/>
        <property name="Place" value="TowardsPlacer" />
        <drop event="Destroy" count="0" prob="1" />
        <property name="CanPickup" value="true" />
        <property name="DowngradeBlock" value="Class - Rifleman" />
        <property class="UpgradeBlock">
            <property name="ToBlock" value="Class - Rifleman" />
            <property name="Item" value="classKey" />
            <property name="ItemCount" value="1" />
            <property name="UpgradeHitCount" value="1" />
        </property>
    </block>
	
    <block name="Class - Rifleman">
        <property name="Class" value="Loot" />
        <property name="Group" value="Survival" />
		<property name="DescriptionKey" value="Class - RiflemanDesc"/>
		 <property name="Material" value="Mcloth" />
        <!--        <property name="CustomIcon" value="suitcase" /> -->
       <property name="Shape" value="ModelEntity"/>
        <property name="Mesh" value="models" />
        <property name="Model" value="#Entities/LootContainers?luggageMediumClosedPrefab.prefab"/>
        <property name="Place" value="TowardsPlacer" />
        <property name="LootList" value="402" />
        <drop event="Destroy" count="0" />
        <drop event="Fall" name="woodDebris" count="1" prob="1.0"  stick_chance=".75" />
        <property name="LPHardnessScale" value="8" />
    </block>
	<!-- **************************************** -->
	<!-- **************************************** -->
	<!-- **************************************** -->
	<!-- **************************************** -->
	 <block name="Class - Gunman (Locked)">
        <property name="Group" value="Class System" />
        <property name="CustomIcon" value="Class - Gunman" />
		<property name="DescriptionKey" value="Class - Gunman (Locked)Desc"/>
        <!--        <property name="CustomIcon" value="suitcase" /> -->
        <property name="Material" value="Mcloth" />
       <property name="Shape" value="ModelEntity"/>
        <property name="Mesh" value="models" />
        <property name="Model" value="#Entities/LootContainers?luggageMediumClosedPrefab.prefab"/>
        <property name="Place" value="TowardsPlacer" />
        <drop event="Destroy" count="0" prob="1" />
        <property name="CanPickup" value="true" />
        <property name="DowngradeBlock" value="Class - Gunman" />
        <property class="UpgradeBlock">
            <property name="ToBlock" value="Class - Gunman" />
            <property name="Item" value="classKey" />
            <property name="ItemCount" value="1" />
            <property name="UpgradeHitCount" value="1" />
        </property>
    </block>
	
    <block name="Class - Gunman">
        <property name="Class" value="Loot" />
        <property name="Group" value="Survival" />
		<property name="DescriptionKey" value="Class - GunmanDesc"/>
		<property name="Material" value="Mcloth" />
        <!--        <property name="CustomIcon" value="suitcase" /> -->
       <property name="Shape" value="ModelEntity"/>
        <property name="Mesh" value="models" />
        <property name="Model" value="#Entities/LootContainers?luggageMediumClosedPrefab.prefab"/>
        <property name="Place" value="TowardsPlacer" />
        <property name="LootList" value="403" />
        <drop event="Destroy" count="0" />
        <drop event="Fall" name="woodDebris" count="1" prob="1.0"  stick_chance=".75" />
        <property name="LPHardnessScale" value="8" />
    </block>
	<!-- **************************************** -->
	<!-- **************************************** -->
	<!-- **************************************** -->
	<!-- **************************************** -->
    <block name="Class - Veteran (Locked)">
        <property name="Group" value="Class System" />
        <property name="CustomIcon" value="Class - Veteran" />
		<property name="DescriptionKey" value="Class - Veteran (Locked)Desc"/>
        <!--        <property name="CustomIcon" value="suitcase" /> -->
        <property name="Material" value="Mcloth" />
       <property name="Shape" value="ModelEntity"/>
        <property name="Mesh" value="models" />
        <property name="Model" value="#Entities/LootContainers?luggageMediumClosedPrefab.prefab"/>
        <property name="Place" value="TowardsPlacer" />
        <drop event="Destroy" count="0" prob="1" />
        <property name="CanPickup" value="true" />
        <property name="DowngradeBlock" value="Class - Veteran" />
        <property class="UpgradeBlock">
            <property name="ToBlock" value="Class - Veteran" />
            <property name="Item" value="classKey" />
            <property name="ItemCount" value="1" />
            <property name="UpgradeHitCount" value="1" />
        </property>
    </block>
	
    <block name="Class - Veteran">
        <property name="Class" value="Loot" />
        <property name="Group" value="Survival" />
		<property name="DescriptionKey" value="Class - VeteranDesc"/>
        <property name="Material" value="Mcloth" />
		<!--        <property name="CustomIcon" value="suitcase" /> -->
       <property name="Shape" value="ModelEntity"/>
        <property name="Mesh" value="models" />
        <property name="Model" value="#Entities/LootContainers?luggageMediumClosedPrefab.prefab"/>
        <property name="Place" value="TowardsPlacer" />
        <property name="LootList" value="404" />
        <drop event="Destroy" count="0" />
        <drop event="Fall" name="woodDebris" count="1" prob="1.0"  stick_chance=".75" />
        <property name="LPHardnessScale" value="8" />
    </block>
	<!-- **************************************** -->
	<!-- **************************************** -->
	<!-- **************************************** -->
	<!-- **************************************** -->
    <block name="Class - Bruiser(Locked)">
        <property name="Group" value="Class System" />
        <property name="CustomIcon" value="Class - Bruiser" />
		<property name="DescriptionKey" value="Class - Bruiser (Locked)Desc"/>
        <!--        <property name="CustomIcon" value="suitcase" /> -->
        <property name="Material" value="Mcloth" />
       <property name="Shape" value="ModelEntity"/>
        <property name="Mesh" value="models" />
        <property name="Model" value="#Entities/LootContainers?luggageMediumClosedPrefab.prefab"/>
        <property name="Place" value="TowardsPlacer" />
        <drop event="Destroy" count="0" prob="1" />
        <property name="CanPickup" value="true" />
        <property name="DowngradeBlock" value="Class - Bruiser" />
        <property class="UpgradeBlock">
            <property name="ToBlock" value="Class - Bruiser" />
            <property name="Item" value="classKey" />
            <property name="ItemCount" value="1" />
            <property name="UpgradeHitCount" value="1" />
        </property>
    </block>
	
    <block name="Class - Bruiser">
        <property name="Class" value="Loot" />
        <property name="Group" value="Survival" />
		<property name="DescriptionKey" value="Class - BruiserDesc"/>
        <property name="Material" value="Mcloth" />
		 <!--        <property name="CustomIcon" value="suitcase" /> -->
       <property name="Shape" value="ModelEntity"/>
        <property name="Mesh" value="models" />
        <property name="Model" value="#Entities/LootContainers?luggageMediumClosedPrefab.prefab"/>
        <property name="Place" value="TowardsPlacer" />
        <property name="LootList" value="405" />
        <drop event="Destroy" count="0" />
        <drop event="Fall" name="woodDebris" count="1" prob="1.0"  stick_chance=".75" />
        <property name="LPHardnessScale" value="8" />
    </block>
	<!-- **************************************** -->
	<!-- **************************************** -->
	<!-- **************************************** -->
	<!-- **************************************** -->
    <block name="Class - Miner (Locked)">
        <property name="CustomIcon" value="Class - Miner" />
        <property name="Group" value="Class System" />
		<property name="DescriptionKey" value="Class - Miner (Locked)Desc"/>
        <!--        <property name="CustomIcon" value="suitcase" /> -->
        <property name="Material" value="Mcloth" />
       <property name="Shape" value="ModelEntity"/>
        <property name="Mesh" value="models" />
        <property name="Model" value="#Entities/LootContainers?luggageMediumClosedPrefab.prefab"/>
        <property name="Place" value="TowardsPlacer" />
        <drop event="Destroy" count="0" prob="1" />
        <property name="CanPickup" value="true" />
        <property name="DowngradeBlock" value="Class - Miner" />
        <property class="UpgradeBlock">
            <property name="ToBlock" value="Class - Miner" />
            <property name="Item" value="classKey" />
            <property name="ItemCount" value="1" />
            <property name="UpgradeHitCount" value="1" />
        </property>
    </block>
	
    <block name="Class - Miner">
        <property name="Class" value="Loot" />
        <property name="Group" value="Survival" />
		<property name="DescriptionKey" value="Class - MinerDesc"/>
		 <property name="Material" value="Mcloth" />
        <!--        <property name="CustomIcon" value="suitcase" /> -->
       <property name="Shape" value="ModelEntity"/>
        <property name="Mesh" value="models" />
        <property name="Model" value="#Entities/LootContainers?luggageMediumClosedPrefab.prefab"/>
        <property name="Place" value="TowardsPlacer" />
        <property name="LootList" value="406" />
        <drop event="Destroy" count="0" />
        <drop event="Fall" name="woodDebris" count="1" prob="1.0"  stick_chance=".75" />
        <property name="LPHardnessScale" value="8" />
    </block>
	<!-- **************************************** -->
	<!-- **************************************** -->
	<!-- **************************************** -->
	<!-- **************************************** -->
    <block name="Class - Survivor (Locked)">
        <property name="CustomIcon" value="Class - Survivor" />
        <property name="Group" value="Class System" />
		<property name="DescriptionKey" value="Class - Survivor (Locked)Desc"/>
        <!--        <property name="CustomIcon" value="suitcase" /> -->
        <property name="Material" value="Mcloth" />
       <property name="Shape" value="ModelEntity"/>
        <property name="Mesh" value="models" />
        <property name="Model" value="#Entities/LootContainers?luggageMediumClosedPrefab.prefab"/>
        <property name="Place" value="TowardsPlacer" />
        <drop event="Destroy" count="0" prob="1" />
        <property name="CanPickup" value="true" />
        <property name="DowngradeBlock" value="Class - Survivor" />
        <property class="UpgradeBlock">
            <property name="ToBlock" value="Class - Survivor" />
            <property name="Item" value="classKey" />
            <property name="ItemCount" value="1" />
            <property name="UpgradeHitCount" value="1" />
        </property>
    </block>
	
    <block name="Class - Survivor">
        <property name="Class" value="Loot" />
        <property name="Group" value="Survival" />
		<property name="DescriptionKey" value="Class - SurvivorDesc"/>
		  <property name="Material" value="Mcloth" />
        <!--        <property name="CustomIcon" value="suitcase" /> -->
       <property name="Shape" value="ModelEntity"/>
        <property name="Mesh" value="models" />
        <property name="Model" value="#Entities/LootContainers?luggageMediumClosedPrefab.prefab"/>
        <property name="Place" value="TowardsPlacer" />
        <property name="LootList" value="407" />
        <drop event="Destroy" count="0" />
        <drop event="Fall" name="woodDebris" count="1" prob="1.0"  stick_chance=".75" />
        <property name="LPHardnessScale" value="8" />
    </block>
	<!-- **************************************** -->
	<!-- **************************************** -->
	<!-- **************************************** -->
	<!-- **************************************** -->
    <block name="Class - Medic (Locked)">
        <property name="CustomIcon" value="Class - Medic" />
        <property name="Group" value="Class System" />
		<property name="DescriptionKey" value="Class - Medic (Locked)Desc"/>
        <!--        <property name="CustomIcon" value="suitcase" /> -->
        <property name="Material" value="Mcloth" />
       <property name="Shape" value="ModelEntity"/>
        <property name="Mesh" value="models" />
        <property name="Model" value="#Entities/LootContainers?luggageMediumClosedPrefab.prefab"/>
        <property name="Place" value="TowardsPlacer" />
        <drop event="Destroy" count="0" prob="1" />
        <property name="CanPickup" value="true" />
        <property name="DowngradeBlock" value="Class - Medic" />
        <property class="UpgradeBlock">
            <property name="ToBlock" value="Class - Medic" />
            <property name="Item" value="classKey" />
            <property name="ItemCount" value="1" />
            <property name="UpgradeHitCount" value="1" />
        </property>
    </block>
	
    <block name="Class - Medic">
        <property name="Class" value="Loot" />
        <property name="Group" value="Survival" />
		<property name="DescriptionKey" value="Class - MedicDesc"/>
		 <property name="Material" value="Mcloth" />
        <!--        <property name="CustomIcon" value="suitcase" /> -->
       <property name="Shape" value="ModelEntity"/>
        <property name="Mesh" value="models" />
        <property name="Model" value="#Entities/LootContainers?luggageMediumClosedPrefab.prefab"/>
        <property name="Place" value="TowardsPlacer" />
        <property name="LootList" value="408" />
        <drop event="Destroy" count="0" />
        <drop event="Fall" name="woodDebris" count="1" prob="1.0"  stick_chance=".75" />
        <property name="LPHardnessScale" value="8" />
    </block>
	<!-- **************************************** -->
	<!-- **************************************** -->
	<!-- **************************************** -->
	<!-- **************************************** -->
	 <block name="Class - Mechanic (Locked)">
        <property name="Group" value="Class System" />
        <property name="CustomIcon" value="Class - Mechanic" />
		<property name="DescriptionKey" value="Class - Mechanic (Locked)Desc"/>
        <!--        <property name="CustomIcon" value="suitcase" /> -->
        <property name="Material" value="Mcloth" />
       <property name="Shape" value="ModelEntity"/>
        <property name="Mesh" value="models" />
        <property name="Model" value="#Entities/LootContainers?luggageMediumClosedPrefab.prefab"/>
        <property name="Place" value="TowardsPlacer" />
        <drop event="Destroy" count="0" prob="1" />
        <property name="CanPickup" value="true" />
        <property name="DowngradeBlock" value="Class - Mechanic" />
        <property class="UpgradeBlock">
            <property name="ToBlock" value="Class - Mechanic" />
            <property name="Item" value="classKey" />
            <property name="ItemCount" value="1" />
            <property name="UpgradeHitCount" value="1" />
        </property>
    </block>
	
    <block name="Class - Mechanic">
        <property name="Class" value="Loot" />
        <property name="Group" value="Survival" />
		<property name="DescriptionKey" value="Class - MechanicDesc"/>
		<property name="Material" value="Mcloth" />
        <!--        <property name="CustomIcon" value="suitcase" /> -->
       <property name="Shape" value="ModelEntity"/>
        <property name="Mesh" value="models" />
        <property name="Model" value="#Entities/LootContainers?luggageMediumClosedPrefab.prefab"/>
        <property name="Place" value="TowardsPlacer" />
        <property name="LootList" value="409" />
        <drop event="Destroy" count="0" />
        <drop event="Fall" name="woodDebris" count="1" prob="1.0"  stick_chance=".75" />
        <property name="LPHardnessScale" value="8" />
    </block>
	<!-- **************************************** -->
	<!-- **************************************** -->
	<!-- **************************************** -->
	<!-- **************************************** -->
	<block name="Class - Engineer (Locked)">
        <property name="Group" value="Class System" />
        <property name="CustomIcon" value="Class - Engineer" />
		<property name="DescriptionKey" value="Class - Engineer (Locked)Desc"/>
        <!--        <property name="CustomIcon" value="suitcase" /> -->
        <property name="Material" value="Mcloth" />
       <property name="Shape" value="ModelEntity"/>
        <property name="Mesh" value="models" />
        <property name="Model" value="#Entities/LootContainers?luggageMediumClosedPrefab.prefab"/>
        <property name="Place" value="TowardsPlacer" />
        <drop event="Destroy" count="0" prob="1" />
        <property name="CanPickup" value="true" />
        <property name="DowngradeBlock" value="Class - Engineer" />
        <property class="UpgradeBlock">
            <property name="ToBlock" value="Class - Engineer" />
            <property name="Item" value="classKey" />
            <property name="ItemCount" value="1" />
            <property name="UpgradeHitCount" value="1" />
        </property>
    </block>
	
    <block name="Class - Engineer">
        <property name="Class" value="Loot" />
        <property name="Group" value="Survival" />
		<property name="DescriptionKey" value="Class - EngineerDesc"/>
		 <property name="Material" value="Mcloth" />
        <!--        <property name="CustomIcon" value="suitcase" /> -->
       <property name="Shape" value="ModelEntity"/>
        <property name="Mesh" value="models" />
        <property name="Model" value="#Entities/LootContainers?luggageMediumClosedPrefab.prefab"/>
        <property name="Place" value="TowardsPlacer" />
        <property name="LootList" value="410" />
        <drop event="Destroy" count="0" />
        <drop event="Fall" name="woodDebris" count="1" prob="1.0"  stick_chance=".75" />
        <property name="LPHardnessScale" value="8" />
    </block>
	<!-- **************************************** -->
	<!-- **************************************** -->
	<!-- **************************************** -->
	<!-- **************************************** -->
	<block name="Class - Farmer (Locked)">
        <property name="Group" value="Class System" />
        <property name="CustomIcon" value="Class - Farmer" />
		<property name="DescriptionKey" value="Class - Farmer (Locked)Desc"/>
        <!--        <property name="CustomIcon" value="suitcase" /> -->
        <property name="Material" value="Mcloth" />
       <property name="Shape" value="ModelEntity"/>
        <property name="Mesh" value="models" />
        <property name="Model" value="#Entities/LootContainers?luggageMediumClosedPrefab.prefab"/>
        <property name="Place" value="TowardsPlacer" />
        <drop event="Destroy" count="0" prob="1" />
        <property name="CanPickup" value="true" />
        <property name="DowngradeBlock" value="Class - Farmer" />
        <property class="UpgradeBlock">
            <property name="ToBlock" value="Class - Farmer" />
            <property name="Item" value="classKey" />
            <property name="ItemCount" value="1" />
            <property name="UpgradeHitCount" value="1" />
        </property>
    </block>
	
    <block name="Class - Farmer">
        <property name="Class" value="Loot" />
        <property name="Group" value="Survival" />
		<property name="DescriptionKey" value="Class - FarmerDesc"/>
		<property name="Material" value="Mcloth" />
		<!--        <property name="CustomIcon" value="suitcase" /> -->
       <property name="Shape" value="ModelEntity"/>
        <property name="Mesh" value="models" />
        <property name="Model" value="#Entities/LootContainers?luggageMediumClosedPrefab.prefab"/>
        <property name="Place" value="TowardsPlacer" />
        <property name="LootList" value="411" />
        <drop event="Destroy" count="0" />
        <drop event="Fall" name="woodDebris" count="1" prob="1.0"  stick_chance=".75" />
        <property name="LPHardnessScale" value="8" />
    </block>
	<!-- **************************************** -->
	<!-- **************************************** -->
	<!-- **************************************** -->
	<!-- **************************************** -->
	<block name="Class - Terrorist (Locked)">
        <property name="Group" value="Class System" />
        <property name="CustomIcon" value="Class - Terrorist" />
		<property name="DescriptionKey" value="Class - Terrorist (Locked)Desc"/>
        <!--        <property name="CustomIcon" value="suitcase" /> -->
        <property name="Material" value="Mcloth" />
       <property name="Shape" value="ModelEntity"/>
        <property name="Mesh" value="models" />
        <property name="Model" value="#Entities/LootContainers?luggageMediumClosedPrefab.prefab"/>
        <property name="Place" value="TowardsPlacer" />
        <drop event="Destroy" count="0" prob="1" />
        <property name="CanPickup" value="true" />
        <property name="DowngradeBlock" value="Class - Terrorist" />
        <property class="UpgradeBlock">
            <property name="ToBlock" value="Class - Terrorist" />
            <property name="Item" value="classKey" />
            <property name="ItemCount" value="1" />
            <property name="UpgradeHitCount" value="1" />
        </property>
    </block>
	
    <block name="Class - Terrorist">
        <property name="Class" value="Loot" />
        <property name="Group" value="Survival" />
		<property name="DescriptionKey" value="Class - TerroristDesc"/>
		<property name="Material" value="Mcloth" />
		<!--        <property name="CustomIcon" value="suitcase" /> -->
       <property name="Shape" value="ModelEntity"/>
        <property name="Mesh" value="models" />
        <property name="Model" value="#Entities/LootContainers?luggageMediumClosedPrefab.prefab"/>
        <property name="Place" value="TowardsPlacer" />
        <property name="LootList" value="412" />
        <drop event="Destroy" count="0" />
        <drop event="Fall" name="woodDebris" count="1" prob="1.0"  stick_chance=".75" />
        <property name="LPHardnessScale" value="8" />
    </block>
	<!-- **************************************** -->
	<!-- **************************************** -->
	<!-- **************************************** -->
	<!-- **************************************** -->
		<block name="Class - Machine Gunner (Locked)">
        <property name="Group" value="Class System" />
        <property name="CustomIcon" value="Class - Machine Gunner" />
		<property name="DescriptionKey" value="Class - Machine Gunner (Locked)Desc"/>
        <!--        <property name="CustomIcon" value="suitcase" /> -->
        <property name="Material" value="Mcloth" />
       <property name="Shape" value="ModelEntity"/>
        <property name="Mesh" value="models" />
        <property name="Model" value="#Entities/LootContainers?luggageMediumClosedPrefab.prefab"/>
        <property name="Place" value="TowardsPlacer" />
        <drop event="Destroy" count="0" prob="1" />
        <property name="CanPickup" value="true" />
        <property name="DowngradeBlock" value="Class - Machine Gunner" />
        <property class="UpgradeBlock">
            <property name="ToBlock" value="Class - Machine Gunner" />
            <property name="Item" value="classKey" />
            <property name="ItemCount" value="1" />
            <property name="UpgradeHitCount" value="1" />
        </property>
    </block>
	
    <block name="Class - Machine Gunner">
        <property name="Class" value="Loot" />
        <property name="Group" value="Survival" />
		<property name="DescriptionKey" value="Class - Machine GunnerDesc"/>
		<property name="Material" value="Mcloth" />
		<!--        <property name="CustomIcon" value="suitcase" /> -->
       <property name="Shape" value="ModelEntity"/>
        <property name="Mesh" value="models" />
        <property name="Model" value="#Entities/LootContainers?luggageMediumClosedPrefab.prefab"/>
        <property name="Place" value="TowardsPlacer" />
        <property name="LootList" value="413" />
        <drop event="Destroy" count="0" />
        <drop event="Fall" name="woodDebris" count="1" prob="1.0"  stick_chance=".75" />
        <property name="LPHardnessScale" value="8" />
    </block>
	<!-- **************************************** -->
	<!-- **************************************** -->
	<!-- **************************************** -->
	<!-- **************************************** -->
		<block name="Class - Marine (Locked)">
        <property name="Group" value="Class System" />
        <property name="CustomIcon" value="Class - Marine" />
		<property name="DescriptionKey" value="Class - Marine (Locked)Desc"/>
        <!--        <property name="CustomIcon" value="suitcase" /> -->
        <property name="Material" value="Mcloth" />
       <property name="Shape" value="ModelEntity"/>
        <property name="Mesh" value="models" />
        <property name="Model" value="#Entities/LootContainers?luggageMediumClosedPrefab.prefab"/>
        <property name="Place" value="TowardsPlacer" />
        <drop event="Destroy" count="0" prob="1" />
        <property name="CanPickup" value="true" />
        <property name="DowngradeBlock" value="Class - Marine" />
        <property class="UpgradeBlock">
            <property name="ToBlock" value="Class - Marine" />
            <property name="Item" value="classKey" />
            <property name="ItemCount" value="1" />
            <property name="UpgradeHitCount" value="1" />
        </property>
    </block>
	
    <block name="Class - Marine">
        <property name="Class" value="Loot" />
        <property name="Group" value="Survival" />
		<property name="DescriptionKey" value="Class - MarineDesc"/>
		<property name="Material" value="Mcloth" />
		<!--        <property name="CustomIcon" value="suitcase" /> -->
       <property name="Shape" value="ModelEntity"/>
        <property name="Mesh" value="models" />
        <property name="Model" value="#Entities/LootContainers?luggageMediumClosedPrefab.prefab"/>
        <property name="Place" value="TowardsPlacer" />
        <property name="LootList" value="414" />
        <drop event="Destroy" count="0" />
        <drop event="Fall" name="woodDebris" count="1" prob="1.0"  stick_chance=".75" />
        <property name="LPHardnessScale" value="8" />
    </block>
	<!-- **************************************** -->
	<!-- **************************************** -->
	<!-- **************************************** -->
	<!-- **************************************** -->
		<block name="Class - Assassin (Locked)">
        <property name="Group" value="Class System" />
        <property name="CustomIcon" value="Class - Assassin" />
		<property name="DescriptionKey" value="Class - Assassin (Locked)Desc"/>
        <!--        <property name="CustomIcon" value="suitcase" /> -->
        <property name="Material" value="Mcloth" />
       <property name="Shape" value="ModelEntity"/>
        <property name="Mesh" value="models" />
        <property name="Model" value="#Entities/LootContainers?luggageMediumClosedPrefab.prefab"/>
        <property name="Place" value="TowardsPlacer" />
        <drop event="Destroy" count="0" prob="1" />
        <property name="CanPickup" value="true" />
        <property name="DowngradeBlock" value="Class - Assassin" />
        <property class="UpgradeBlock">
            <property name="ToBlock" value="Class - Assassin" />
            <property name="Item" value="classKey" />
            <property name="ItemCount" value="1" />
            <property name="UpgradeHitCount" value="1" />
        </property>
    </block>
	
    <block name="Class - Assassin">
        <property name="Class" value="Loot" />
        <property name="Group" value="Survival" />
		<property name="Material" value="Mcloth" />
		<property name="DescriptionKey" value="Class - AssassinDesc"/>
        <!--        <property name="CustomIcon" value="suitcase" /> -->
       <property name="Shape" value="ModelEntity"/>
        <property name="Mesh" value="models" />
        <property name="Model" value="#Entities/LootContainers?luggageMediumClosedPrefab.prefab"/>
        <property name="Place" value="TowardsPlacer" />
        <property name="LootList" value="415" />
        <drop event="Destroy" count="0" />
        <drop event="Fall" name="woodDebris" count="1" prob="1.0"  stick_chance=".75" />
        <property name="LPHardnessScale" value="8" />
    </block>
	<!-- **************************************** -->
	<!-- **************************************** -->
	<!-- **************************************** -->
	<!-- **************************************** -->
	<block name="Class - Wildcard (Locked)">
		<property name="DescriptionKey" value="classWildcardDesc"/>
		<property name="CustomIcon" value="Class - Wildcard" />
		<property name="Group" value="Class System" />
		<property name="Material" value="Mcloth" />
		<property name="Shape" value="ModelEntity" />
		<property name="Mesh" value="models" />
		 <property name="Model" value="#Entities/LootContainers?luggageMediumClosedPrefab.prefab"/>
		<property name="Place" value="TowardsPlacer" />
		<drop event="Destroy" count="0" prob="1" />
		<property name="CanPickup" value="true" />
		<property name="DowngradeBlock" value="Class - Wildcard" />
		<property class="UpgradeBlock">
			<property name="ToBlock" value="Class - Wildcard" />
			<property name="Item" value="classKey" />
			<property name="ItemCount" value="1" />
			<property name="UpgradeHitCount" value="1" />
		</property>
	</block>
	<block name="Class - Wildcard">
		<property name="Class" value="Loot" />
		<property name="Group" value="Survival" />
		<property name="Material" value="Mcloth" />
		<property name="Shape" value="ModelEntity" />
		<property name="Mesh" value="models" />
		 <property name="Model" value="#Entities/LootContainers?luggageMediumClosedPrefab.prefab"/>
		<property name="Place" value="TowardsPlacer" />
		<property name="LootList" value="416" />
		<drop event="Destroy" count="0" />
		<drop event="Fall" name="woodDebris" count="1" prob="1.0"  stick_chance=".75" />
		<property name="LPHardnessScale" value="8" />
	</block>
		</append>		
</Valmar>