<Valmar>
<append xpath="/items">
<item name="classKey">
		<property name="Extends" value="resourceLockPick"/>
       <property name="HoldType" value="45"/>
	   <property name="DescriptionKey" value="classKeyDesc"/>
	<property name="Tags" value="junk"/>
	<property name="Meshfile" value="#Other/Items?Misc/sackPrefab.prefab"/>
	<property name="DropMeshfile" value="#Other/Items?Misc/sack_droppedPrefab.prefab"/>
	<property name="Material" value="Mmetal"/>
	<property name="DegradationBreaksAfter" value="false"/>
	<property name="Weight" value="5"/>
	<property name="Stacknumber" value="1"/>
	<property name="SellableToTrader" value="true"/>
	<property name="EconomicValue" value="100"/>
	<property class="Action0">
            <!-- UseAction -->
        	<property name="Class" value="Repair"/>
		<property name="Delay" value=".73"/> <!-- Repair actions still need the delay amount -->
		<property name="Repair_amount" value="100"/>
		<property name="Upgrade_hit_offset" value="-5"/>
		<property name="Repair_action_sound" value="nailgun_fire"/>
		<property name="Upgrade_action_sound" value="nailgun_fire"/>
		<property name="Allowed_upgrade_items" value="classKey"/>
        </property>
		<effect_group name="classKey">
		<passive_effect name="BlockDamage" operation="base_set" value="32.2"/>
		<passive_effect name="AttacksPerMinute" operation="base_set" value="20"/>
		<passive_effect name="StaminaLoss" operation="base_set" value="0.9" tags="primary"/>
		<passive_effect name="DegradationMax" operation="base_set" value="75,200" tier="1,6" />
		<passive_effect name="DegradationPerUse" operation="base_set" value="1" />
		<passive_effect name="MaxRange" operation="base_set" value="2.4"/>
		<passive_effect name="BlockRange" operation="base_set" value="3"/>
		<passive_effect name="BlockDamage" operation="perc_add" value="100" tier="1,6"/> <!-- tier bonus -->
		<passive_effect name="DamageModifier" operation="perc_add" value="-.5" tags="wood"/>
	</effect_group>
	<property name="Group" value="Tools/Traps,Basics"/>
	<property name="RepairExpMultiplier" value="5.5"/>
        </item>
    <item name="classSelection">
        <property name="DescriptionKey" value="classSelectionDesc"/>
        <property name="Meshfile" value="Items/Misc/Book" />
        <property name="Material" value="Mpaper" />
		<property name="HoldType" value="21" />
        <property name="Stacknumber" value="50" />
        <property name="FuelValue" value="20" />
        <property name="Weight" value="20" />
        <property name="Group" value="Special Items" />
        <property class="Preview">
            <property name="Zoom" value="10" />
            <property name="Pos" value="0,-0.2" />
            <property name="Rot" value="90,45,0" />
        </property>
        </item>
		
	<!-- Classes Perks-->

<item name="perkSurvivor">
	<property name="Extends" value="challengeQuestMaster"/>
	<property name="CustomIcon" value="expGain"/>
	<property name="DescriptionKey" value="perkClassDesc"/>
	<property class="Action0">
	<property name="QuestGiven" value="perkSurvivor"/>
	</property>
	<property name="Stacknumber" value="1"/>
</item>
<item name="perkMiner">
	<property name="Extends" value="challengeQuestMaster"/>
	<property name="CustomIcon" value="expGain"/>
	<property name="DescriptionKey" value="perkClassDesc"/>
	<property class="Action0">
	<property name="QuestGiven" value="perkMiner"/>
	</property>
	<property name="Stacknumber" value="1"/>
</item>
<item name="perkHunter">
	<property name="Extends" value="challengeQuestMaster"/>
	<property name="CustomIcon" value="expGain"/>
	<property name="DescriptionKey" value="perkClassDesc"/>
	<property class="Action0">
	<property name="QuestGiven" value="perkHunter"/>
	</property>
	<property name="Stacknumber" value="1"/>
</item>
<item name="perkGunman">
	<property name="Extends" value="challengeQuestMaster"/>
	<property name="CustomIcon" value="expGain"/>
	<property name="DescriptionKey" value="perkClassDesc"/>
	<property class="Action0">
	<property name="QuestGiven" value="perkGunman"/>
	</property>
	<property name="Stacknumber" value="1"/>
</item>
<item name="perkMedic">
	<property name="Extends" value="challengeQuestMaster"/>
	<property name="CustomIcon" value="expGain"/>
	<property name="DescriptionKey" value="perkClassDesc"/>
	<property class="Action0">
	<property name="QuestGiven" value="perkMedic"/>
	</property>
	<property name="Stacknumber" value="1"/>
</item>
<item name="perkBruiser">
	<property name="Extends" value="challengeQuestMaster"/>
	<property name="CustomIcon" value="expGain"/>
	<property name="DescriptionKey" value="perkClassDesc"/>
	<property class="Action0">
	<property name="QuestGiven" value="perkBruiser"/>
	</property>
	<property name="Stacknumber" value="1"/>
</item>
<item name="perkRifleman">
	<property name="Extends" value="challengeQuestMaster"/>
	<property name="CustomIcon" value="expGain"/>
	<property name="DescriptionKey" value="perkClassDesc"/>
	<property class="Action0">
	<property name="QuestGiven" value="perkRifleman"/>
	</property>
	<property name="Stacknumber" value="1"/>
</item>
<item name="perkVeteran">
	<property name="Extends" value="challengeQuestMaster"/>
	<property name="CustomIcon" value="expGain"/>
	<property name="DescriptionKey" value="perkClassDesc"/>
	<property class="Action0">
	<property name="QuestGiven" value="perkVeteran"/>
	</property>
	<property name="Stacknumber" value="1"/>
</item>
<item name="perkBuilder">
	<property name="Extends" value="challengeQuestMaster"/>
	<property name="CustomIcon" value="expGain"/>
	<property name="DescriptionKey" value="perkClassDesc"/>
	<property class="Action0">
	<property name="QuestGiven" value="perkBuilder"/>
	</property>
	<property name="Stacknumber" value="1"/>
</item>
<item name="perkMechanic">
	<property name="Extends" value="challengeQuestMaster"/>
	<property name="CustomIcon" value="expGain"/>
	<property name="DescriptionKey" value="perkClassDesc"/>
	<property class="Action0">
	<property name="QuestGiven" value="perkMechanic"/>
	</property>
	<property name="Stacknumber" value="1"/>
</item>
<item name="perkEngineer">
	<property name="Extends" value="challengeQuestMaster"/>
	<property name="CustomIcon" value="expGain"/>
	<property name="DescriptionKey" value="perkClassDesc"/>
	<property class="Action0">
	<property name="QuestGiven" value="perkEngineer"/>
	</property>
	<property name="Stacknumber" value="1"/>
</item>
<item name="perkFarmer">
	<property name="Extends" value="challengeQuestMaster"/>
	<property name="CustomIcon" value="expGain"/>
	<property name="DescriptionKey" value="perkClassDesc"/>
	<property class="Action0">
	<property name="QuestGiven" value="perkFarmer"/>
	</property>
	<property name="Stacknumber" value="1"/>
</item>
<item name="perkTerrorist">
	<property name="Extends" value="challengeQuestMaster"/>
	<property name="CustomIcon" value="expGain"/>
	<property name="DescriptionKey" value="perkClassDesc"/>
	<property class="Action0">
	<property name="QuestGiven" value="perkTerrorist"/>
	</property>
	<property name="Stacknumber" value="1"/>
</item>
<item name="perkMachineGunner">
	<property name="Extends" value="challengeQuestMaster"/>
	<property name="CustomIcon" value="expGain"/>
	<property name="DescriptionKey" value="perkClassDesc"/>
	<property class="Action0">
	<property name="QuestGiven" value="perkMachineGunner"/>
	</property>
	<property name="Stacknumber" value="1"/>
</item>
<item name="perkMarine">
	<property name="Extends" value="challengeQuestMaster"/>
	<property name="CustomIcon" value="expGain"/>
	<property name="DescriptionKey" value="perkClassDesc"/>
	<property class="Action0">
	<property name="QuestGiven" value="perkMarine"/>
	</property>
	<property name="Stacknumber" value="1"/>
</item>
<item name="perkAssassin">
	<property name="Extends" value="challengeQuestMaster"/>
	<property name="CustomIcon" value="expGain"/>
	<property name="DescriptionKey" value="perkClassDesc"/>
	<property class="Action0">
	<property name="QuestGiven" value="perkAssassin"/>
	</property>
	<property name="Stacknumber" value="1"/>
</item>
<item name="perkWILDHunter">
	<property name="Extends" value="challengeQuestMaster"/>
	<property name="CustomIcon" value="expGain"/>
	<property name="DescriptionKey" value="perkClassDesc"/>
	<property class="Action0">
	<property name="QuestGiven" value="perkWILDHunter"/>
	</property>
	<property name="Stacknumber" value="1"/>
</item>
<item name="perkWILDRifleman">
	<property name="Extends" value="challengeQuestMaster"/>
	<property name="CustomIcon" value="expGain"/>
	<property name="DescriptionKey" value="perkClassDesc"/>
	<property class="Action0">
	<property name="QuestGiven" value="perkWILDRifleman"/>
	</property>
	<property name="Stacknumber" value="1"/>
</item>
<item name="perkWILDVeteran">
	<property name="Extends" value="challengeQuestMaster"/>
	<property name="CustomIcon" value="expGain"/>
	<property name="DescriptionKey" value="perkClassDesc"/>
	<property class="Action0">
	<property name="QuestGiven" value="perkWILDVeteran"/>
	</property>
	<property name="Stacknumber" value="1"/>
</item>
<item name="perkWILDSurvivor">
	<property name="Extends" value="challengeQuestMaster"/>
	<property name="CustomIcon" value="expGain"/>
	<property name="DescriptionKey" value="perkClassDesc"/>
	<property class="Action0">
	<property name="QuestGiven" value="perkWILDSurvivor"/>
	</property>
	<property name="Stacknumber" value="1"/>
</item>
<item name="perkWILDGunman">
	<property name="Extends" value="challengeQuestMaster"/>
	<property name="CustomIcon" value="expGain"/>
	<property name="DescriptionKey" value="perkClassDesc"/>
	<property class="Action0">
	<property name="QuestGiven" value="perkWILDGunman"/>
	</property>
	<property name="Stacknumber" value="1"/>
</item>
<item name="perkWILDMedic">
	<property name="Extends" value="challengeQuestMaster"/>
	<property name="CustomIcon" value="expGain"/>
	<property name="DescriptionKey" value="perkClassDesc"/>
	<property class="Action0">
	<property name="QuestGiven" value="perkWILDMedic"/>
	</property>
	<property name="Stacknumber" value="1"/>
</item>
<item name="perkWILDBruiser">
	<property name="Extends" value="challengeQuestMaster"/>
	<property name="CustomIcon" value="expGain"/>
	<property name="DescriptionKey" value="perkClassDesc"/>
	<property class="Action0">
	<property name="QuestGiven" value="perkWILDBruiser"/>
	</property>
	<property name="Stacknumber" value="1"/>
</item>
<item name="perkWILDBuilder">
	<property name="Extends" value="challengeQuestMaster"/>
	<property name="CustomIcon" value="expGain"/>
	<property name="DescriptionKey" value="perkClassDesc"/>
	<property class="Action0">
	<property name="QuestGiven" value="perkWILDBuilder"/>
	</property>
	<property name="Stacknumber" value="1"/>
</item>
<item name="perkWILDMiner">
	<property name="Extends" value="challengeQuestMaster"/>
	<property name="CustomIcon" value="expGain"/>
	<property name="DescriptionKey" value="perkClassDesc"/>
	<property class="Action0">
	<property name="QuestGiven" value="perkWILDMiner"/>
	</property>
	<property name="Stacknumber" value="1"/>
</item>
<item name="perkWILDMechanic">
	<property name="Extends" value="challengeQuestMaster"/>
	<property name="CustomIcon" value="expGain"/>
	<property name="DescriptionKey" value="perkClassDesc"/>
	<property class="Action0">
	<property name="QuestGiven" value="perkWILDMechanic"/>
	</property>
	<property name="Stacknumber" value="1"/>
</item>
<item name="perkWILDEngineer">
	<property name="Extends" value="challengeQuestMaster"/>
	<property name="CustomIcon" value="expGain"/>
	<property name="DescriptionKey" value="perkClassDesc"/>
	<property class="Action0">
	<property name="QuestGiven" value="perkWILDEngineer"/>
	</property>
	<property name="Stacknumber" value="1"/>
</item>
<item name="perkWILDFarmer">
	<property name="Extends" value="challengeQuestMaster"/>
	<property name="CustomIcon" value="expGain"/>
	<property name="DescriptionKey" value="perkClassDesc"/>
	<property class="Action0">
	<property name="QuestGiven" value="perkWILDFarmer"/>
	</property>
	<property name="Stacknumber" value="1"/>
</item>
<item name="perkWILDTerrorist">
	<property name="Extends" value="challengeQuestMaster"/>
	<property name="CustomIcon" value="expGain"/>
	<property name="DescriptionKey" value="perkClassDesc"/>
	<property class="Action0">
	<property name="QuestGiven" value="perkWILDTerrorist"/>
	</property>
	<property name="Stacknumber" value="1"/>
</item>
<item name="perkWILDMachineGunner">
	<property name="Extends" value="challengeQuestMaster"/>
	<property name="CustomIcon" value="expGain"/>
	<property name="DescriptionKey" value="perkClassDesc"/>
	<property class="Action0">
	<property name="QuestGiven" value="perkWILDMachineGunner"/>
	</property>
	<property name="Stacknumber" value="1"/>
</item>
<item name="perkWILDMarine">
	<property name="Extends" value="challengeQuestMaster"/>
	<property name="CustomIcon" value="expGain"/>
	<property name="DescriptionKey" value="perkClassDesc"/>
	<property class="Action0">
	<property name="QuestGiven" value="perkWILDMarine"/>
	</property>
	<property name="Stacknumber" value="1"/>
</item>
<item name="perkWILDAssassin">
	<property name="Extends" value="challengeQuestMaster"/>
	<property name="CustomIcon" value="expGain"/>
	<property name="DescriptionKey" value="perkClassDesc"/>
	<property class="Action0">
	<property name="QuestGiven" value="perkWILDAssassin"/>
	</property>
	<property name="Stacknumber" value="1"/>
</item>
<item name="perkWildcard">
	<property name="Extends" value="challengeQuestMaster"/>
	<property name="CustomIcon" value="expGain"/>
	<property name="DescriptionKey" value="perkClassDesc"/>
	<property class="Action0">
	<property name="QuestGiven" value="perkWildcard"/>
	</property>
	<property name="Stacknumber" value="1"/>
</item>
<item name="perkWildcard1">
	<property name="Extends" value="challengeQuestMaster"/>
	<property name="CustomIcon" value="expGain"/>
	<property name="DescriptionKey" value="perkClassDesc"/>
	<property class="Action0">
	<property name="QuestGiven" value="perkWildcard1"/>
	</property>
	<property name="Stacknumber" value="1"/>
</item>
<item name="perkWildcard2">
	<property name="Extends" value="challengeQuestMaster"/>
	<property name="CustomIcon" value="expGain"/>
	<property name="DescriptionKey" value="perkClassDesc"/>
	<property class="Action0">
	<property name="QuestGiven" value="perkWildcard2"/>
	</property>
	<property name="Stacknumber" value="1"/>
</item>
<!-- Modded Quests -->
<item name="challengeSticky">
	<property name="Extends" value="challengeQuestMaster" />
	<property name="CustomIconTint" value="781B8F" />
	<property class="Action0">
		<property name="QuestGiven" value="challenge_sticky" />
	</property>
</item>
<item name="challengeClassMiner">
	<property name="Extends" value="challengeQuestMaster" />
	<property class="Action0">
		<property name="QuestGiven" value="challenge_miner1" />
	</property>
</item>
<item name="challengeClassHunter">
	<property name="Extends" value="challengeQuestMaster" />
	<property class="Action0">
		<property name="QuestGiven" value="challenge_hunter1" />
	</property>
</item>
<item name="challengeClassBuilder">
	<property name="Extends" value="challengeQuestMaster" />
	<property class="Action0">
		<property name="QuestGiven" value="challenge_builder1" />
	</property>
</item>
<item name="challengeClassRifleman">
	<property name="Extends" value="challengeQuestMaster" />
	<property class="Action0">
		<property name="QuestGiven" value="challenge_rifleman1" />
	</property>
</item>
<item name="challengeClassGunman">
	<property name="Extends" value="challengeQuestMaster" />
	<property class="Action0">
		<property name="QuestGiven" value="challenge_gunman1" />
	</property>
</item>
<item name="challengeClassVeteran">
	<property name="Extends" value="challengeQuestMaster" />
	<property class="Action0">
		<property name="QuestGiven" value="challenge_veteran1" />
	</property>
</item>
<item name="challengeClassSurvivor">
	<property name="Extends" value="challengeQuestMaster" />
	<property class="Action0">
		<property name="QuestGiven" value="challenge_survivor1" />
	</property>
</item>
<item name="challengeClassBruiser">
	<property name="Extends" value="challengeQuestMaster" />
	<property class="Action0">
		<property name="QuestGiven" value="challenge_bruiser1" />
	</property>
</item>
<item name="challengeClassMedic">
	<property name="Extends" value="challengeQuestMaster" />
	<property class="Action0">
		<property name="QuestGiven" value="challenge_medic1" />
	</property>
</item>
<item name="challengeClassMechanic">
	<property name="Extends" value="challengeQuestMaster" />
	<property class="Action0">
		<property name="QuestGiven" value="challenge_Mechanic1" />
	</property>
</item>
<item name="challengeClassEngineer">
	<property name="Extends" value="challengeQuestMaster" />
	<property class="Action0">
		<property name="QuestGiven" value="challenge_Engineer1" />
	</property>
</item>
<item name="challengeClassFarmer">
	<property name="Extends" value="challengeQuestMaster" />
	<property class="Action0">
		<property name="QuestGiven" value="challenge_Farmer1" />
	</property>
</item>
<item name="challengeClassTerrorist">
	<property name="Extends" value="challengeQuestMaster" />
	<property class="Action0">
		<property name="QuestGiven" value="challenge_Terrorist1" />
	</property>
</item>
<item name="challengeClassMachineGunner">
	<property name="Extends" value="challengeQuestMaster" />
	<property class="Action0">
		<property name="QuestGiven" value="challenge_MachineGunner1" />
	</property>
</item>
<item name="challengeClassMarine">
	<property name="Extends" value="challengeQuestMaster" />
	<property class="Action0">
		<property name="QuestGiven" value="challenge_Marine1" />
	</property>
</item>
<item name="challengeClassAssassin">
	<property name="Extends" value="challengeQuestMaster" />
	<property class="Action0">
		<property name="QuestGiven" value="challenge_Assassin1" />
	</property>
</item>
		</append>
</Valmar>