<Valmar>
<append xpath="/lootcontainers">
<!-- CLASSES-->
        <lootgroup name="HunterClass" count="all">    
        <item name="armorClothBoots" count="1" />
		<item name="armorClothPants" count="1" />
		<item name="armorClothGloves" count="1" />
		<item name="armorClothJacket" count="1" />
		<item name="apparelTankTop" count="1" />
		<item name="armorClothHat" count="1" />
		<item group="cannedfood" count="5" />
		<item name="resourceSewingKit" count="1,5" />
        <item name="drugPainkillers" count="1" />
		<item name="armorLeatherSetSchematic" count="1" />
        <item name="drinkJarPureMineralWater" count="1" />
        <item name="medicalFirstAidBandage" count="1" />
        <item name="gunRifleT1HuntingRifleSchematic" count="1" />
		<item name="gunRifleT1HuntingRifle"/>
		<item name="ammo762mmBulletBall" count="250"/>
        <item name="meleeWpnSpearT1IronSpear" count="1"  />
		<item name="meleeWpnSpearT1IronSpearSchematic" count="1"  />
		<item name="challengeClassHunter" count="1"/>
		
        </lootgroup>
		
        <lootgroup name="BuilderClass" count="all">
        <item name="apparelCoatLeatherDuster" count="1" />
		<item name="apparelCowboyHat" count="1" />
		<item name="apparelBandana" count="1" />
		<item name="apparelFlannelShirt" count="1" />
		<item name="apparelTankTop" count="1" />
		<item name="apparelDenimPants" count="1" />
		<item name="apparelOveralls" count="1" />
		<item name="apparelCowboyBoots" count="1" />
		<item name="apparelShades" count="1" />
		<item name="resourceSewingKit" count="1,5" />
        <item group="cannedfood" count="5" />
        <item name="drugPainkillers" count="1" />
        <item name="drinkJarPureMineralWater" count="1" />
        <item name="medicalFirstAidBandage" count="1" />
		<item name="meleeWpnBladeT1HuntingKnifeSchematic" count="1" />
		<item name="meleeToolRepairT1ClawHammer" count="1" />
		 <item name="meleeWpnBladeT1HuntingKnife" count="1"  />
        <item name="resourceWood" count="500" />
        <item name="woodFrameBlockVariantHelper" count="164" />
		<item name="gunHandgunT1PistolSchematic" count="1" />
		<item name="gunHandgunT1Pistol" count="1"   />
		<item name="ammo9mmBulletBall" count="25" />		
		<item name="meleeToolSalvageT1WrenchSchematic" count="1" />
		<item name="meleeToolSalvageT1Wrench" count="1" />
		<item name="challengeClassBuilder" count="1"/>		
        </lootgroup>
		
        <lootgroup name="RiflemanClass" count="all">
        <item name="armorIronGloves" count="1" />
		<item name="armorIronHelmet" count="1" />
		<item name="armorIronBoots" count="1" />
		<item name="armorIronLegs" count="1" />
		<item name="armorIronChest" count="1" />
		<item name="resourceSewingKit" count="1,5" />
        <item group="cannedfood" count="5" />
        <item name="drugPainkillers" count="1" />
		<item name="armorIronSetSchematic" count="1" />
        <item name="drinkJarPureMineralWater" count="1" />
        <item name="medicalFirstAidBandage" count="1" />
        <item name="meleeToolRepairT0StoneAxe" count="1"  />
        <item name="gunRifleT1HuntingRifleSchematic" count="1" />
        <item name="gunRifleT1HuntingRifle" count="1"  />
		<item name="ammo762mmBulletBall" count="40,100"/>	
		<item name="challengeClassRifleman" count="1"/>
		
        </lootgroup>
		
        <lootgroup name="GunmanClass" count="all">
        <item name="armorMilitaryGloves" count="1" />
		<item name="armorMilitaryHelmet" count="1" />
		<item name="armorMilitaryBoots" count="1" />
		<item name="armorMilitaryLegs" count="1" />
		<item name="armorMilitaryVest" count="1" />
		<item name="armorMilitarySetParts" count="1,6"/>
        <item group="cannedfood" count="5" />
        <item name="drugPainkillers" count="1" />
		<item name="armorMilitarySetSchematic" count="1" />
        <item name="drinkJarPureMineralWater" count="1" />
        <item name="medicalFirstAidBandage" count="1" />
        <item name="meleeToolRepairT0StoneAxe" count="1"  />
		<item name="gunHandgunT3DesertVulture" count="1"  />
		<item name="ammo44MagnumBulletHP" count="75"/>
		<item name="gunMGT2TacticalAR" count="1"  />
		<item name="gunMGT2TacticalARSchematic" count="1"/>
		<item name="ammo762mmBulletBall" count="40,100"/>	
        <item name="resourceRepairKit" count="10" />
        <item name="gunHandgunT3DesertVultureSchematic" count="1" />
		<item name="challengeClassGunman" count="1"/>
		
        </lootgroup>
		
        <lootgroup name="VeteranClass" count="all">
        <item name="armorLeatherHood" count="1" />
		<item name="armorLeatherChest" count="1" />
		<item name="armorLeatherPants" count="1" />
		<item name="armorLeatherBoots" count="1" />
		<item name="armorLeatherGloves" count="1" />
        <item group="cannedfood" count="5" />
        <item name="drugPainkillers" count="1" />
        <item name="drinkJarPureMineralWater" count="1" />
        <item name="medicalFirstAidBandage" count="1" />
        <item name="meleeToolRepairT0StoneAxe" count="1"  />
		<item name="meleeWpnBladeT1HuntingKnife" count="1"  />
		<item name="gunRifleT3SniperRifle" count="1"  />
		<item name="gunRifleT3SniperRifleSchematic" count="1"  />
		<item name="ammo762mmBulletHP" count="40,100"/>	
        <item name="resourceRepairKit" count="4" />
		<item name="gunBowT3CompoundCrossbowSchematic" count="1" />
		<item name="gunBowT3CompoundCrossbow" count="1" />
		<item name="ammoCrossbowBoltIron" count="40,100"/>	
		<item name="challengeClassVeteran" count="1"/>
		
        </lootgroup>
		
        <lootgroup name="MinerClass" count="all">
        <item name="armorMiningHelmet" count="1" />
		<item name="modArmorHelmetLight" count="1" />
		<item name="apparelBandana" count="1" />
		<item name="apparelLongShirt" count="1" />
		<item name="apparelDenimShortsPants" count="1" />
		<item name="apparelOveralls" count="1" />
		<item name="apparelWornBoots" count="1" />
		<item name="apparelAviatorGoggles" count="1" />
		<item name="resourceSewingKit" count="1,5" />
        <item group="cannedfood" count="5" />
        <item name="drugPainkillers" count="1" />
        <item name="drinkJarPureMineralWater" count="1" />
        <item name="meleeToolTorch" count="4" />
        <item name="medicalFirstAidBandage" count="1" />
        <item name="meleeToolRepairT0StoneAxe" count="1"  />
        <item name="resourceForgedIron" count="15" />
		<item name="resourceForgedSteel" count="15" />
		<item name="gunHandgunT1PistolSchematic" count="1" />
		<item name="gunHandgunT1Pistol" count="1"  />
		<item name="ammo9mmBulletBall" count="25" />	
		<item name="challengeClassMiner" count="1"/>
		
        </lootgroup>
		
        <lootgroup name="SurvivorClass" count="all">
        <item name="apparelPlantFiberPants" count="1" />
		<item name="apparelPlantFiberShirt" count="1" />
		<item name="apparelPlantFiberHood" count="1" />
		<item name="apparelPlantFiberShoes" count="1" />
		<item name="apparelPlantFiberGloves" count="1" />
		<item name="apparelPlantFiberHat" count="1" />
        <item group="cannedfood" count="4" />
		<item name="drugPainkillers" count="6" />
        <item name="drinkJarPureMineralWater" count="6" />
        <item name="meleeToolTorch" count="6" />
        <item name="medicalFirstAidBandage" count="6" />
        <item name="meleeToolRepairT0StoneAxe" count="1"  />
        <item name="meleeToolFlashlight02" count="1" />
        <item name="gunBowT1WoodenBow" count="1" />
		<item name="gunBowT1WoodenBowSchematic" count="1" />
		<item name="ammoArrowStone" count="300" />
        <item name="toolCookingPot" count="1" />
        <item name="medicalFirstAidKit" count="1" />
        <item name="meleeWpnBladeT1HuntingKnife" count="1" />
        <item group="seeds" count="8" />
        <item name="bedroll" count="1" />
		<item name="meleeWpnBladeT1HuntingKnifeSchematic" count="1" />
		<item name="woodFrameBlock" count="25" />
		<item name="challengeClassSurvivor" count="1"/>
		
        </lootgroup>
		
        <lootgroup name="BruiserClass" count="all">
        <item name="armorSteelBoots" count="1" />
		<item name="armorSteelLegs" count="1" />
		<item name="armorSteelChest" count="1" />
		<item name="armorSteelGloves" count="1" />
		<item name="armorSwatHelmet" count="1" />
		<item name="armorSteelSetParts" count="1,6"/>
        <item group="cannedfood" count="5" />
		<item name="drinkJarBoiledWater" count="5" />
        <item name="drugPainkillers" count="2" />
		<item name="armorSteelSetSchematic" count="1" />
        <item name="drinkJarPureMineralWater" count="1" />
        <item name="medicalFirstAidBandage" count="6" />
        <item name="meleeWpnSledgeT1IronSledgehammer" count="1"  />
		<item name="meleeWpnSledgeT1IronSledgehammerSchematic" count="1" />
		<item name="meleeWpnKnucklesT1IronKnuckles" count="1"  />
        <item name="meleeWpnKnucklesT1IronKnucklesSchematic" count="1" />
		<item name="meleeWpnBatonT2StunBaton" count="1"  />
        <item name="meleeWpnBatonT2StunBatonSchematic" count="1" />
		<item name="drugAntibiotics" count="2" />
        <item name="resourceRepairKit" count="2" />
		<item name="challengeClassBruiser" count="1"/>		
		</lootgroup>
		
        <lootgroup name="MedicClass" count="all">
       <!-- <item name="armorClothPants" mods="modDyeRed" mod_chance="1" count="1" />
		<item name="armorClothJacket" mods="modDyeRed" mod_chance="1" count="1" />
		<item name="armorClothBoots"  mods="modDyeRed" mod_chance="1" count="1" />
		<item name="armorClothGloves" mods="modDyeRed" mod_chance="1" count="1" />
		<item name="armorClothHat" mods="modDyeRed" mod_chance="1" count="1"  /> -->
		<item name="armorClothPants" count="1" />
		<item name="armorClothJacket" count="1" />
		<item name="armorClothBoots"  count="1" />
		<item name="armorClothGloves" count="1" />
		<item name="armorClothHat" count="1" />
		<item name="modDyeRed" count="1" />
		<item name="modDyeRed" count="1" />
		<item name="modDyeRed" count="1" />
		<item name="modDyeRed" count="1" />
		<item name="modDyeRed" count="1" />
		<item name="resourceSewingKit" count="1,5" />
        <item name="drugPainkillers" count="8" />		
		<item name="medicalAloeCream" count="2" />
        <item name="medicalBandage" count="5" />
		<item name="medicalFirstAidBandage" count="5" />
        <item name="medicalFirstAidKit" count="5" />
		<item name="medicalSplint" count="2" />
        <item name="medicalPlasterCast" count="3" />
		<item name="medicalBloodBag" count="1" />
		<item name="drugHerbalAntibiotics" count="2" />
        <item name="drugAntibiotics" count="5" />
		<item name="drugAtomJunkies" count="1"/>
		<item name="drugCovertCats" count="1"/>
		<item name="drugEyeKandy" count="1"/>
		<item name="drugHackers" count="1"/>
		<item name="drugHealthBar" count="1"/>
		<item name="drugJailBreakers" count="1"/>
		<item name="drugNerdTats" count="1"/>
		<item name="drugOhShitzDrops" count="1"/>
		<item name="drugRockBusters" count="1"/>
		<item name="drugSkullCrushers" count="1"/>
		<item name="drugSugarButts" count="1"/>
		<item name="drugSteroids" count="1" />
        <item name="drugRecog" count="1" />
		<item name="drugFortBites" count="1" />
        <item name="foodHoney" count="5" />
		<item name="drinkJarBeer" count="8" />
        <item name="drinkJarPureMineralWater" count="6" />
        <item name="meleeToolRepairT0StoneAxe" count="1" />
        <item name="meleeWpnBladeT1HuntingKnife" count="1"  />
		<item name="toolBeaker" count="1" />
		<item group="cannedfood" count="5" />
		<item name="drinkJarBoiledWater" count="5" />
        <item name="meleeToolFlashlight02" count="1" />
		<item name="medicalFirstAidBandageSchematic"/>
		<item name="medicalFirstAidKitSchematic"  />
		<item name="gunBowT3CompoundBow" count="1"  />
		<item name="gunBowT3CompoundBowSchematic" count="1"  />
		<item name="ammoArrowIron" count="50" />
		<item name="challengeClassMedic" count="1"/>		
        </lootgroup>
		
		<lootgroup name="MechanicClass" count="all">    
        <item name="apparelOveralls" count="1" />
		<item name="apparelSweatshirt" count="1" />
		<item name="apparelBallCap" count="1" />
		<item name="apparelBandana" count="1" />
		<item name="apparelWornBoots" count="1" />
		<item name="resourceSewingKit" count="1,6"/>
		<item name="drinkJarBeer" count="10" />
        <item name="medicalFirstAidBandage" count="1" />
        <item name="meleeWpnBladeT3Machete" count="1"  />
        <item name="meleeWpnBladeT3MacheteSchematic" count="1" />
        <item name="meleeToolSalvageT1Wrench" count="1"  />
		<item name="drinkJarCoffee" count="250"/>
		<item name="gunBowT1IronCrossbowSchematic" count="1"  />
		<item name="gunBowT1IronCrossbow" count="1"  />
        <item name="ammoCrossbowBoltIron" count="120" />
		<item group="cannedfood" count="5" />
		<item name="drinkJarBoiledWater" count="5" />
		<item name="gunHandgunT1PistolSchematic" count="1" />
		<item name="gunHandgunT1Pistol" count="1"   />
		<item name="ammo9mmBulletBall" count="25" />
        <item name="meleeToolRepairT1ClawHammer" count="1"  />
		<item name="meleeToolSalvageT3ImpactDriverSchematic" count="1"  />
		<item name="meleeToolSalvageT3ImpactDriver" count="1"  />
		<item name="challengeClassMechanic" count="1"/>		
        </lootgroup>
		
		<lootgroup name="EngineerClass" count="all">    
        <item name="apparelSuitDressShoes" count="1" />
		<item name="apparelSuitJacket" count="1" />
		<item name="apparelSuitPants" count="1" />
		<item name="resourceSewingKit" count="1,6"/>
        <item name="meleeToolWireTool" count="1" />
		<item name="drinkJarBeer" count="10" />
		<item name="medicalFirstAidBandage" count="1" />
        <item name="meleeWpnBladeT3Machete" count="1"  />
        <item name="meleeWpnBladeT3MacheteSchematic" count="1" />
        <item name="meleeToolSalvageT1Wrench" count="1" />
		<item name="meleeToolSalvageT1WrenchSchematic" count="1" />
		<item name="ammoGasCan" count="1" />
		<item group="cannedfood" count="5" />
		<item name="drinkJarBoiledWater" count="5" />
		<item name="ammoGasCanSchematic" count="1" />
		<item name="drinkJarCoffee" count="250"/>
		<item name="gunBowT1IronCrossbowSchematic" count="1" />
        <item name="gunBowT1IronCrossbow" count="1" />
        <item name="ammoCrossbowBoltSteelAP" count="120" />
		<item name="gunHandgunT1PistolSchematic" count="1" />
		<item name="gunHandgunT1Pistol" count="1"   />
		<item name="meleeToolSalvageT2RatchetSchematic" count="1" />
		<item name="meleeToolSalvageT2Ratchet" count="1"   />
		<item name="ammo9mmBulletBall" count="25" />
        <item name="challengeClassEngineer" count="1"/>
		
        </lootgroup>
		
		<lootgroup name="FarmerClass" count="all">    
        <item name="armorClothGloves" count="1" />
		<item name="apparelWornBoots" count="1" />
		<item name="apparelShades" count="1" />
		<item name="apparelCowboyHat" count="1" />
		<item name="apparelCoatLeatherDuster" count="1" />
		<item name="apparelFlannelShirt" count="1" />
		<item name="apparelDenimPants" count="1" />
		<item name="resourceSewingKit" count="1,6"/>
       	<item name="drinkJarBeer" count="10" />
        <item name="medicalFirstAidBandage" count="1" />
        <item name="drinkJarGrandpasAwesomeSauce" count="1" />
		<item name="drinkJarGrandpasLearningElixir" count="1" />
		<item name="drinkJarGrandpasMoonshine" count="1" />
		<item name="foodShamChowder" count="5" />
		<item name="foodHoboStew" count="5" />
		<item name="drinkJarBlackStrapCoffee" count="2" />
		<item name="drinkCanMegaCrush" count="2" />
		<item name="drinkJarBoiledWater" count="5" />
		<item name="drinkJarCoffee" count="10"/>
        <item name="gunBowT0PrimitiveBow" count="1"  />
        <item name="ammoArrowStone" count="120" />
		<item name="gunHandgunT1PistolSchematic" count="1" />
		<item name="gunHandgunT1Pistol" count="1"  />
		<item name="ammo9mmBulletBall" count="25" />
        <item name="meleeToolRepairT0StoneAxe" count="1"  />
		<item name="challengeClassFarmer" count="1"/>
		
        </lootgroup>
				
		<lootgroup name="TerroristClass" count="all">
        <item name="apparelSuitDressShoes" count="1" />
		<item name="apparelSuitJacket" count="1" />
		<item name="apparelSuitPants" count="1" />
		<item name="gunMGT1AK47Schematic" count="1" />
        <item name="gunMGT1AK47" count="1"  />
		<item name="ammo762mmBulletBall" count="250"/>
		<item group="cannedfood" count="5" />
		<item name="drinkJarBoiledWater" count="5" />
		<item name="resourceScrapIron" count="5"/>
		<item name="resourceGunPowder" count="5"/>
		<item name="resourceCandyTin" count="5"/>
		<item name="resourceNail" count="5"/>
		<item name="resourceHubcap" count="5"/>
		<item name="resourceSpring" count="5"/>
		<item name="resourceAirFilter" count="5"/>
		<item name="toolCookingPot" count="5"/>
		<item name="challengeClassTerrorist" count="1"/>
		
        </lootgroup>
		
		<lootgroup name="MachineGunnerClass" count="all">
        <item name="armorScrapHelmet" count="1" />
		<item name="armorScrapChest" count="1" />
		<item name="armorScrapGloves" count="1" />
		<item name="armorScrapLegs" count="1" />
		<item name="armorScrapBoots" count="1" />
		<item name="gunMGT3M60Schematic" count="1" />
        <item name="gunMGT3M60" count="1"  />
        <item name="ammo762mmBulletBall" count="100,250" />
		<item name="resourceRepairKit" count="2" />
		<item name="medicalFirstAidKitSchematic" count="1" />
		<item name="medicalFirstAidKit" count="2" />
		<item group="cannedfood" count="6" />
		<item name="drinkJarBoiledWater" count="5" />
		<item name="mineHubcap" count="2" />
		<item name="mineAirFilter" count="2" />
		<item name="ammo9mmBulletBall" count="25" />
		<item name="modGunSoundSuppressorSilencerSchematic" count="1" />
        <item name="modGunSoundSuppressorSilencer" count="2" />
		<item name="challengeClassMachineGunner" count="1"/>
		
		</lootgroup>
		
		<lootgroup name="MarineClass" count="all">
        <item name="armorMilitaryBoots" count="1" />
		<item name="apparelArmyPants" count="1" />
		<item name="apparelArmyShirt" count="1" />
		<item name="armorMilitaryVest" count="1" />
		<item name="armorMilitaryGloves" count="1" />
		<item name="armorMilitaryHelmet" count="1" />
		<item name="armorMilitarySetParts" count="1,6"/>
        <item group="cannedfood" count="5" />
        <item name="drugPainkillers" count="2" />
		<item name="drinkJarPureMineralWater" count="1" />
        <item name="medicalFirstAidBandage" count="6" />
        <item name="resourceMilitaryFiber" count="1" />
		<item name="meleeWpnKnucklesT1IronKnucklesSchematic" count="1" />
		<item name="thrownGrenadeContactSchematic"/>
		<item name="thrownGrenadeSchematic"/>
		<item name="thrownGrenade" count="1" />
		<item name="gunShotgunT3AutoShotgunSchematic" count="1" />
		<item name="gunShotgunT3AutoShotgun" count="1" />
		<item name="ammoShotgunShell" count="50,150" />
        <item name="thrownGrenadeContact" count="2" />
		<item name="thrownTimedCharge" count="2" />		
		<item name="drugAntibiotics" count="2" />
        <item name="resourceRepairKit" count="2" />
		<item name="gunHandgunT3SMG5" count="25" />
		<item name="ammo9mmBulletBall" count="25" />
		<item name="challengeClassMarine" count="1"/>		
		</lootgroup>
		
		<lootgroup name="AssassinClass" count="all">
        <item name="apparelGhillieSuitPants" count="1" />
		<item name="apparelGhillieSuitJacket" count="1" />
		<item name="apparelGhillieSuitHood" count="1" />
		<item name="apparelRunningShoesHP" count="1" />
		<item name="gunRifleT2MarksmanRifleSchematic" count="1" />
		<item name="gunRifleT2MarksmanRifle" count="1" />
		<item name="ammo762mmBulletBall" count="50,150" />
		<item name="meleeWpnBladeT1HuntingKnifeSchematic" count="1" />
		<item name="meleeWpnBladeT1HuntingKnife" count="1" />
		<item name="gunBowT3CompoundBowSchematic" count="1" />
		<item name="gunBowT3CompoundBow" count="1" />
        <item name="ammoArrowSteelAP" count="50,150" />
        <item group="cannedfood" count="5" />
		<item name="drinkJarBoiledWater" count="5" />
        <item name="drugPainkillers" count="2" />
		<item name="drinkJarPureMineralWater" count="1" />
        <item name="medicalFirstAidBandage" count="6" />
        <item name="drugAntibiotics" count="2" />
        <item name="resourceRepairKit" count="2" />
		<item name="gunHandgunT3SMG5" count="1" />
		<item name="ammo9mmBulletBall" count="25" />
		<item name="modGunSoundSuppressorSilencerSchematic" count="1" />
		<item name="modGunSoundSuppressorSilencer" count="3" />		
		<item name="modGunMagazineExtenderSchematic" count="1" />
		<item name="modGunMagazineExtender" count="3" />
		<item name="modGunFlashlightSchematic" count="3" />
		<item name="modGunFlashlight" count="3" />		
		<item name="challengeClassAssassin" count="1"/>		
		</lootgroup>
		
		<lootgroup name="WildcardClass" count="all">
	    <item name="perkWildcard" />
		</lootgroup>
		
		<!-- VALMAR LootContainers start at 400 -->
        <!-- Hunter Class -->  
        <lootcontainer id="400" count="1" size="8,9" destroy_on_close="true" sound_open="UseActions/open_backpack" sound_close="UseActions/close_backpack" open_time="1.5" loot_quality_template="qualBaseTemplate" >
        <item group="HunterClass" />
		</lootcontainer>  
        <!-- Builder Class -->
        <lootcontainer id="401" count="1" size="8,9" destroy_on_close="true" sound_open="UseActions/open_backpack" sound_close="UseActions/close_backpack" open_time="1.5" loot_quality_template="qualBaseTemplate">
        <item group="BuilderClass" />
        </lootcontainer>  
        <!-- Rifleman Class -->
        <lootcontainer id="402" count="1" size="8,9" destroy_on_close="true" sound_open="UseActions/open_backpack" sound_close="UseActions/close_backpack" open_time="1.5" loot_quality_template="qualBaseTemplate" >
        <item group="RiflemanClass" />
        </lootcontainer>  
        <!-- Gunman Class -->
        <lootcontainer id="403" count="1" size="8,9" destroy_on_close="true" sound_open="UseActions/open_backpack" sound_close="UseActions/close_backpack" open_time="1.5" loot_quality_template="qualBaseTemplate" >
        <item group="GunmanClass" />
        </lootcontainer>  
        <!-- Veteran Class -->
        <lootcontainer id="404" count="1" size="8,9" destroy_on_close="true" sound_open="UseActions/open_backpack" sound_close="UseActions/close_backpack" open_time="1.5" loot_quality_template="qualBaseTemplate" >
        <item group="VeteranClass" />
        </lootcontainer> 
		<!-- Bruiser Class -->
        <lootcontainer id="405" count="1" size="8,9" destroy_on_close="true" sound_open="UseActions/open_backpack" sound_close="UseActions/close_backpack" open_time="1.5" loot_quality_template="qualBaseTemplate" >
        <item group="BruiserClass" />
        </lootcontainer>  
        <!-- Miner Class -->
        <lootcontainer id="406" count="1" size="8,9" destroy_on_close="true" sound_open="UseActions/open_backpack" sound_close="UseActions/close_backpack" open_time="1.5" loot_quality_template="qualBaseTemplate" >
        <item group="MinerClass" />
        </lootcontainer>  
        <!-- Survivor Class -->
        <lootcontainer id="407" count="1" size="8,9" destroy_on_close="true" sound_open="UseActions/open_backpack" sound_close="UseActions/close_backpack" open_time="1.5" loot_quality_template="qualBaseTemplate" >
        <item group="SurvivorClass" />
        </lootcontainer>  
        <!-- Medic Class -->
        <lootcontainer id="408" count="1" size="8,9" destroy_on_close="true" sound_open="UseActions/open_backpack" sound_close="UseActions/close_backpack" open_time="1.5" loot_quality_template="qualBaseTemplate" >
        <item group="MedicClass" />
        </lootcontainer>
		<!-- Mechanical Class -->
		<lootcontainer id="409" count="1" size="8,9" destroy_on_close="true" sound_open="UseActions/open_backpack" sound_close="UseActions/close_backpack" open_time="1.5" loot_quality_template="qualBaseTemplate" >
        <item group="MechanicClass" />
        </lootcontainer>
		<!-- Engineer Class -->
		<lootcontainer id="410" count="1" size="8,9" destroy_on_close="true" sound_open="UseActions/open_backpack" sound_close="UseActions/close_backpack" open_time="1.5" loot_quality_template="qualBaseTemplate" >
        <item group="EngineerClass" />
        </lootcontainer>
		<!-- Farmer Class -->
		<lootcontainer id="411" count="1" size="8,9" destroy_on_close="true" sound_open="UseActions/open_backpack" sound_close="UseActions/close_backpack" open_time="1.5" loot_quality_template="qualBaseTemplate" >
        <item group="FarmerClass" />
        </lootcontainer>
		<!-- Terrorist Class -->
        <lootcontainer id="412" count="1" size="8,9" destroy_on_close="true" sound_open="UseActions/open_backpack" sound_close="UseActions/close_backpack" open_time="1.5" loot_quality_template="qualBaseTemplate" >
        <item group="TerroristClass" />
        </lootcontainer>
		<!-- Machine Gunner Class -->
		<lootcontainer id="413" count="1" size="8,9" destroy_on_close="true" sound_open="UseActions/open_backpack" sound_close="UseActions/close_backpack" open_time="1.5" loot_quality_template="qualBaseTemplate" >
        <item group="MachineGunnerClass" />
        </lootcontainer>
		<!-- Marine Class -->
		<lootcontainer id="414" count="1" size="8,9" destroy_on_close="true" sound_open="UseActions/open_backpack" sound_close="UseActions/close_backpack" open_time="1.5" loot_quality_template="qualBaseTemplate" >
        <item group="MarineClass" />
        </lootcontainer>
		<!-- Assassin Class -->
		<lootcontainer id="415" count="1" size="8,9" destroy_on_close="true" sound_open="UseActions/open_backpack" sound_close="UseActions/close_backpack" open_time="1.5" loot_quality_template="qualBaseTemplate" >
        <item group="AssassinClass" />
        </lootcontainer>
		    <!-- Wildcard Class -->
	<lootcontainer id="416" count="1" size="8,4" destroy_on_close="true" sound_open="UseActions/open_backpack" sound_close="UseActions/close_backpack" open_time="1" loot_quality_template="qualBaseTemplate">
	    <item group="WildcardClass"/>
		</lootcontainer>		
</append>
</Valmar>