<Valmar>
<append xpath="/progression">
<!-- Valmod -->
	<perk name="Steel Armor" icon="armor_iron" description_key="steelArmorPerkDesc" title_key="SteelArmorTitle" max_level="1" skill_point_cost_multiplier="0" skill_point_cost_per_level="5" group="clothing">
		<requirement perk_level="1" required_skill_name="craftSkillArmor" required_skill_level="8"/>
		<requirement perk_level="1" required_skill_name="Steel Smithing" required_skill_level="1"/>
		<recipe name="armorSteelBoots" unlock_level="1"/>
		<recipe name="armorSteelLegs" unlock_level="1"/>
		<recipe name="armorSteelChest" unlock_level="1"/>
		<recipe name="armorSteelHelmet" unlock_level="1"/>
		<recipe name="armorSteelGloves" unlock_level="1"/>
	</perk>

	<perk name="Gun Pistol" icon="pistol" description_key="Learn how to assemble a pistol." title_key="Gun: Pistol" max_level="1" skill_point_cost_multiplier="0" skill_point_cost_per_level="10" group="firearms">
		<recipe name="gunHandgunT1Pistol" unlock_level="1"/>
		<recipe name="modGunSoundSuppressorSilencer" unlock_level="1"/>
		</perk>
	
	<perk name="Gun Magnum" icon="pistol" description_key="Learn how to assemble a 44 Magnum." title_key="Gun: Magnum" max_level="1" skill_point_cost_multiplier="0" skill_point_cost_per_level="20" group="firearms">
		<recipe name="gunHandgunT2Magnum44" unlock_level="1"/>
		
		</perk>

	<perk name="Gun Hunting Rifle" icon="rifle" description_key="Learn how to assemble a hunting rifle." title_key="Gun: Hunting Rifle" max_level="1" skill_point_cost_multiplier="0" skill_point_cost_per_level="15" group="firearms">
		<recipe name="gunRifleT1HuntingRifle" unlock_level="1"/>
		</perk>
	
	<perk name="Gun Sniper Rifle" icon="rifle" description_key="Learn how to assemble a sniper rifle." title_key="Gun: Sniper Rifle" max_level="1" skill_point_cost_multiplier="0" skill_point_cost_per_level="20" group="firearms">
		<recipe name="gunRifleT3SniperRifle" unlock_level="1"/>
		<recipe name="modGunSoundSuppressorSilencer" unlock_level="1"/>
		</perk>
	
	<perk name="Gun Shotgun" icon="shotgun" description_key="Learn how to assembly a shotgun." title_key="Gun: Shotguns" max_level="1" skill_point_cost_multiplier="0" skill_point_cost_per_level="15" group="firearms">
		<recipe name="gunShotgunT2PumpShotgun" unlock_level="1"/>
		<recipe name="gunShotgunT1DoubleBarrel" unlock_level="1"/>
	</perk>
	
	<perk name="Gun AK47" icon="rifle" description_key="Learn how to assemble an AK47 Rifle." title_key="Gun: AK47" max_level="1" skill_point_cost_multiplier="0" skill_point_cost_per_level="20" group="firearms">
		<recipe name="gunMGT1AK47" unlock_level="1"/>
		<recipe name="modGunSoundSuppressorSilencer" unlock_level="1"/>
		</perk>

	<perk name="Gun Rocket" icon="rifle" description_key="Learn how to assemble a rocket launcher." title_key="Gun: Rocket Launcher" max_level="1" skill_point_cost_multiplier="0" skill_point_cost_per_level="25" group="firearms">
		<recipe name="gunExplosivesT3RocketLauncher" unlock_level="1"/>
		<recipe name="gunExplosivesT3RocketLauncherParts" unlock_level="1"/>
		<recipe name="resourceRocketCasing" unlock_level="1"/>
		<recipe name="resourceRocketTip" unlock_level="1"/>
	</perk>
	
	<perk name="Gun SMG" icon="rifle" description_key="Learn how to assemble a SMG." title_key="Gun: SMG" max_level="1" skill_point_cost_multiplier="0" skill_point_cost_per_level="15" group="firearms">
		<recipe name="gunHandgunT3SMG5" unlock_level="1"/>
		<recipe name="modGunSoundSuppressorSilencer" unlock_level="1"/>
	</perk>
	
	<perk name="Crossbow" icon="archery" description_key="Purchase this perk to learn how to craft crossbows and bolts. Level 2 unlocks iron crossbows.Level 3 unlocks crossbow repeater." title_key="Crossbow" max_level="3" skill_point_cost_multiplier="1" skill_point_cost_per_level="10" group="weapons">
		<recipe name="crossbow" unlock_level="1"/>
		<requirement perk_level="2" required_skill_name="Archery" required_skill_level="30"/>
		<requirement perk_level="3" required_skill_name="Archery" required_skill_level="50"/>
		<recipe name="gunBowT1IronCrossbow" unlock_level="2"/>
		<recipe name="gunBowT3CompoundBow" unlock_level="3"/>
	</perk>

	<perk name="Compound Bow" icon="misc_crafting" description_key="Learn how to assemble a Compound Bow." title_key="Compound Bow" max_level="1" skill_point_cost_multiplier="0" skill_point_cost_per_level="20" group="crafting">
		<recipe name="gunBowT3CompoundBow" unlock_level="1"/>
	</perk>
	
	<perk name="Nailgun" icon="misc_crafting" description_key="Learn how to assemble a Nailgun." title_key="Nailgun" max_level="1" skill_point_cost_multiplier="0" skill_point_cost_per_level="15" group="crafting">
		<recipe name="meleeToolRepairT3Nailgun" unlock_level="1"/>
	</perk>
	
	<perk name="Sledgehammer" icon="resource" description_key="Learn how to craft a sledgehammer." title_key="Sledgehammer" max_level="1" skill_point_cost_multiplier="0" skill_point_cost_per_level="15" group="tools">
		<recipe name="meleeWpnSledgeT3SteelSledgehammer" unlock_level="1"/>
	</perk>

	<perk name="Hunting Knife" icon="knife" description_key="Learn how to craft a hunting knife." title_key="Hunting Knife" max_level="1" skill_point_cost_multiplier="0" skill_point_cost_per_level="10" group="weapons">
		<recipe name="meleeWpnBladeT1HuntingKnife" unlock_level="1"/>
	</perk>

	<perk name="First Aid Kit" icon="run" description_key="Learn how to craft first aid kits." title_key="First Aid Kit" max_level="1" skill_point_cost_multiplier="0" skill_point_cost_per_level="12" group="health">
		<recipe name="medicalFirstAidKit" unlock_level="1"/>
	</perk>
	
	<perk name="Herbal Antibiotics" icon="run" description_key="Learn how to craft herbal antibiotics." title_key="Herbal Antibiotics" max_level="1" skill_point_cost_multiplier="0" skill_point_cost_per_level="15" group="health">
		<recipe name="drugHerbalAntibiotics" unlock_level="1"/>
	</perk>

	<perk name="Gas Can" icon="misc_crafting" description_key="Learn how to craft gasoline used for items such as chainsaws, augers or minibikes." title_key="Gas Can" max_level="1" skill_point_cost_multiplier="0" skill_point_cost_per_level="15" group="crafting">
		<recipe name="ammoGasCan" unlock_level="1"/>
	</perk>
	
	<perk name="Flaming Arrows" icon="archery" description_key="Learn how to craft flaming arrows." title_key="Flaming Arrows" max_level="1" skill_point_cost_multiplier="0" skill_point_cost_per_level="10" group="weapons">
		<recipe name="ammoArrowFlaming" unlock_level="1"/>
	</perk>

	<perk name="Explosive Bolts" icon="archery" description_key="Learn how to craft exploding crossbow bolts." title_key="Explosive Bolts" max_level="1" skill_point_cost_multiplier="0" skill_point_cost_per_level="15" group="weapons">
		<recipe name="ammoCrossbowBoltExploding" unlock_level="1"/>
	</perk>
	
	<perk name="Iron Helmet" icon="armor_iron" title_key="Iron Helmet" description_key="Learn how to craft an iron Helmet." max_level="1" skill_point_cost_multiplier="0" skill_point_cost_per_level="15" group="clothing">
		<recipe name="armorIronHelmet" unlock_level="1"/>
	</perk>
	<perk name="Iron Chest Armor" icon="armor_iron" title_key="Iron Chest Armor" description_key="Learn how to craft an iron chestplate." max_level="1" skill_point_cost_multiplier="0" skill_point_cost_per_level="15" group="clothing">
		<recipe name="armorIronChest" unlock_level="1"/>
	</perk>
	<perk name="Iron Leg Armor" icon="armor_iron" title_key="Iron Leg Armor" description_key="Learn how to craft iron leg armor." max_level="1" skill_point_cost_multiplier="0" skill_point_cost_per_level="15" group="clothing">
		<recipe name="armorIronLegs" unlock_level="1"/>
	</perk>
	<perk name="Iron Boots" icon="armor_iron" title_key="Iron Boots" description_key="Learn how to craft iron boots." max_level="1" skill_point_cost_multiplier="0" skill_point_cost_per_level="15" group="clothing">
		<recipe name="armorIronBoots" unlock_level="1"/>
	</perk>
	<perk name="Iron Gloves" icon="armor_iron" title_key="Iron Gloves" description_key="Learn how to craft iron gloves." max_level="1" skill_point_cost_multiplier="0" skill_point_cost_per_level="15" group="clothing">
		<recipe name="armorIronGloves" unlock_level="1"/>
	</perk>
	
	<perk name="Scrap Iron Helmet" icon="armor_iron" title_key="Scrap Iron Helmet" description_key="Learn how to craft a scrap iron Helmet." max_level="1" skill_point_cost_multiplier="0" skill_point_cost_per_level="8" group="clothing">
		<recipe name="armorScrapHelmet" unlock_level="1"/>
	</perk>
	<perk name="Scrap Iron Chest Armor" icon="armor_iron" title_key="Scrap Iron Chest Armor" description_key="Learn how to craft a scrap iron chestplate." max_level="1" skill_point_cost_multiplier="0" skill_point_cost_per_level="8" group="clothing">
		<recipe name="armorScrapChest" unlock_level="1"/>
	</perk>
	<perk name="Scrap Iron Leg Armor" icon="armor_iron" title_key="Scrap Iron Leg Armor" description_key="Learn how to craft scrap iron leg armor." max_level="1" skill_point_cost_multiplier="0" skill_point_cost_per_level="8" group="clothing">
		<recipe name="armorScrapLegs" unlock_level="1"/>
	</perk>
	<perk name="Scrap Iron Boots" icon="armor_iron" title_key="Scrap Iron Boots" description_key="Learn how to craft scrap iron boots." max_level="1" skill_point_cost_multiplier="0" skill_point_cost_per_level="8" group="clothing">
		<recipe name="armorScrapBoots" unlock_level="1"/>
	</perk>
	<perk name="Scrap Iron Gloves" icon="armor_iron" title_key="Scrap Iron Gloves" description_key="Learn how to craft scrap iron gloves." max_level="1" skill_point_cost_multiplier="0" skill_point_cost_per_level="8" group="clothing">
		<recipe name="armorScrapGloves" unlock_level="1"/>
	</perk>
	
	<perk name="Leather Hood" icon="light_armor" title_key="Leather Hood" description_key="Learn how to craft an Leather hood." max_level="1" skill_point_cost_multiplier="0" skill_point_cost_per_level="10" group="clothing">
		<recipe name="armorLeatherHood" unlock_level="1"/>
	</perk>
	<perk name="Leather Chest Armor" icon="light_armor" title_key="Leather Chest Armor" description_key="Learn how to craft Leather chest armor." max_level="1" skill_point_cost_multiplier="0" skill_point_cost_per_level="10" group="clothing">
		<recipe name="armorLeatherChest" unlock_level="1"/>
	</perk>
	<perk name="Leather Leg Armor" icon="light_armor" title_key="Leather Leg Armor" description_key="Learn how to craft Leather leg armor." max_level="1" skill_point_cost_multiplier="0" skill_point_cost_per_level="10" group="clothing">
		<recipe name="armorLeatherPants" unlock_level="1"/>
	</perk>
	<perk name="Leather Boots" icon="light_armor" title_key="Leather Boots" description_key="Learn how to craft Leather boots." max_level="1" skill_point_cost_multiplier="0" skill_point_cost_per_level="10" group="clothing">
		<recipe name="armorLeatherBoots" unlock_level="1"/>
	</perk>
	<perk name="Leather Gloves" icon="light_armor" title_key="Leather Gloves" description_key="Learn how to craft Leather gloves." max_level="1" skill_point_cost_multiplier="0" skill_point_cost_per_level="10" group="clothing">
		<recipe name="armorLeatherGloves" unlock_level="1"/>
	</perk>

	<perk name="Skinning Knife" icon="knife" description_key="Learn how to craft a skinning knife. These knives are useful for getting extra hides from skinning animals." title_key="Skinning Knife" max_level="1" skill_point_cost_per_level="10" group="weapons">
		<requirement perk_level="1" required_skill_name="Hunting Knife" required_skill_level="1"/>
		<requirement perk_level="1" required_skill_name="Blade Weapons" required_skill_level="50"/>
		<recipe name="meleeWpnBladeT1HuntingKnife" unlock_level="1"/>
	</perk>
	
	<perk name="Butcher Knife" icon="knife" description_key="Learn how to craft a butcher knife. These knives are useful for getting extra meat from animals." title_key="Butcher Knife" max_level="1" skill_point_cost_per_level="10" group="weapons">
		<requirement perk_level="1" required_skill_name="Hunting Knife" required_skill_level="1"/>
		<requirement perk_level="1" required_skill_name="Blade Weapons" required_skill_level="50"/>
		<recipe name="meleeWpnBladeT3Machete" unlock_level="1"/>
	</perk>	
	</append>
</Valmar>