<Valmar>
	<append xpath="/blocks">
	<!-- Expanded Trap Mod -->
    <block name="chickenCoop">
    <property name="DescriptionKey" value="chickenCoopDesc"/>
    <property name="LightOpacity" value="0"/>
    <property name="Material" value="Mwood_weak" />
    <property name="Shape" value="New" />
	<property name="Model" value="cube"/>
    <property name="Texture" value="196,241,272,272,272,272" />
	<property name="UnlockedBy" value="recipebookAnimalTraps"/>
    <property name="RotationAllowed" value="pivotOnFloor" />
	<property name="IsTerrainDecoration" value="true"/>
    <property name="Class" value="UpgradeRated" />
    <property name="UpgradeRated.ToBlock" value="chickenCoop2" />
    <property name="UpgradeRated.Rate" value="3" />
    <property class="RepairItems">
        <property name="wood" value="10" />
    </property>
    <drop event="Destroy" count="0" />
  </block>
    <block name="chickenCoop2">
    <property name="CustomIcon" value="chickenCoop" />
    <property name="LightOpacity" value="0"/>
    <property name="Material" value="Mwood_weak" />
	<property name="IsTerrainDecoration" value="true"/>
    <property name="Shape" value="New" />
	<property name="Path" value="solid"/>
	<property name="Model" value="Pole1m"/>
    <property name="Texture" value="196,241,272,272,272,272" />
    <property name="RotationAllowed" value="pivotOnFloor" />
    <property name="Class" value="PlantGrowing" />
    <property class="PlantGrowing">
    <property name="FertileLevel" value="0" />
    <property name="Next" value="chickenNest" />
    <property name="GrowthRate" value="3" />
    <property name="LightLevelStay" value="0" />
    <property name="IsRandom" value="false" />
   <property name="IsGrowOnTopEnabled" value="false" />
    <property name="GrowOnTop" value="chickenNest" param1="1" param2="chickenNest" />
    </property>
    <drop event="Destroy" count="0" />
    <drop event="Harvest" name="rawMeat" count="2" />
  </block>
    <block name="chickenNest">
    <property name="LightOpacity" value="0"/>
    <property name="Class" value="Loot" />
    <property name="Material" value="Mwood_weak" />
   <property name="Shape" value="Ext3dModel"/> <property name="Texture" value="293"/>
	<property name="Model" value="#Entities/LootContainers?birdnestPrefab.prefab"/>
	<property name="Shape" value="ModelEntity"/>
    <property name="IsTerrainDecoration" value="true" />
	<property name="LootList" value="425" />
	<property name="DowngradeBlock" value="chickenCoop" />
	<drop event="Destroy" count="0" prob="1" />
  </block>
    <block name="animalSnare">
    <property name="LightOpacity" value="0"/>
        <property name="DescriptionKey" value="animalSnareDesc"/>
        <property name="Material" value="snare" />
		<property name="Model" value="Entities/Industrial/hoistFrameSpreaderPrefab"/>
		<property name="MultiBlockDim" value="3,2,3"/>
		<property name="DisplayType" value="blockMulti"/>
		<property name="IsTerrainDecoration" value="true"/>
		<property name="UnlockedBy" value="recipebookAnimalTraps"/>
        <property name="Shape" value="ModelEntity" />
        <drop event="Destroy" name="woodDebris" count="0" />
        <property name="Place" value="TowardsPlacer" />
        <property name="Class" value="UpgradeRated" />
        <property name="UpgradeRated.ToBlock" value="animalbaitedsnare" />
        <property name="UpgradeRated.Rate" value="2" />
    </block>
    <block name="animalbaitedsnare">
    <property name="LightOpacity" value="0"/>
        <property name="CustomIcon" value="animalSnare" />
        <property name="Material" value="snare" />
		<property name="IsTerrainDecoration" value="true"/>
		<property name="Model" value="Entities/OutdoorDecor/largePetCagePrefab"/>
        <property name="Shape" value="ModelEntity" />
        <drop event="Destroy" name="woodDebris" count="0" />
        <property name="Class" value="PlantGrowing" />
        <property class="PlantGrowing">
        <property name="Next" value="BaitedSnareCaptured" />
        <property name="GrowthRate" value="2" />
        <property name="FertileLevel" value="0" />
        <property name="IsRandom" value="false" />
        </property>
    </block>
    <block name="BaitedSnareCaptured">
    <property name="LightOpacity" value="0"/>
        <property name="CustomIcon" value="animalSnare" />
		<property name="IsTerrainDecoration" value="true"/>
        <property name="Class" value="Loot" />
        <property name="LootList" value="426" />
		<property name="Model" value="Entities/OutdoorDecor/classicDogHousePrefab"/>
        <property name="Material" value="Mplastics" />
        <property name="Shape" value="ModelEntity" />
        <property name="HeatMapStrength" value="5"/>
        <property name="HeatMapTime" value="1200"/>
        <property name="HeatMapFrequency" value="1"/>
		<property name="DowngradeBlock" value="animalSnare" />
        <drop event="Destroy" count="0" />
    <property name="RotationAllowed" value="pivotOnFloor" />
    <property name="Place" value="Door" />
        </block>
 	</append>	
</Valmar>