<Valmar>
<append xpath="/items">
<item name="animalFeed">
        <property name="DescriptionKey" value="animalFeedDesc"/>
        <property name="Meshfile" value="Items/Food/seed_blueberry" />
        <property name="Material" value="Morganic" />
        <property name="HoldType" value="21" />
        <property name="Stacknumber" value="250" />
        <property name="Group" value="Resources" />
        <property class="Preview">
            <property name="Zoom" value="35" />
            <property name="Pos" value="0,-0.05" />
            <property name="Rot" value="90,45,0" />
        </property>
    </item>
		
	<item name="recipebookAnimalTraps">
	<property name="Extends" value="schematicMaster"/>
	<property name="DescriptionKey" value="recipebookAnimalTrapsDesc"/>		
	<property name="CreativeMode" value="Player"/>
	<property name="Stacknumber" value="5" />
	<property name="CustomIcon" value="recipebookAnimalTraps"/>
	<property name="Unlocks" value="animalSnare,chickenCoop"/>
	<effect_group tiered="false">
		<triggered_effect trigger="onSelfPrimaryActionEnd" action="ModifyCVar" cvar="animalSnare" operation="set" value="1"/>
		<triggered_effect trigger="onSelfPrimaryActionEnd" action="ModifyCVar" cvar="chickenCoop" operation="set" value="1"/>
		<triggered_effect trigger="onSelfPrimaryActionEnd" action="GiveExp" exp="50"/>
	</effect_group>
</item>
</append>
</Valmar>