<Valmar>
  <append xpath="/materials">
   <!--Animal Snare-->
   <material id="snare">
      <property name="Hardness" type="float" value="0.2" />
      <property name="explosionresistance" value="0" />
      <property name="stepsound" value="cloth" />
      <property name="lightopacity" value="4" />
      <property name="stability_glue" value="2" />
      <property name="Mass" type="int" value="1" />
      <property name="StabilitySupport" value="false" />
   </material>
      <!--Animal Snare END -->
  </append>
</Valmar>
