<Valmar>
	<append xpath="/windows">
		<window name="windowToolsArmoryWorkBench" width="228" height="121" panel="Right">
		<panel style="header.panel">			
			<sprite style="header.icon" sprite="ui_game_symbol_cookware"/>
			<label style="header.name" text="TOOLS" text_key="xuiTools" />
		</panel>
		
		<rect name="content" depth="0" pos="0,-46" height="75" disablefallthrough="true" on_press="true">
			
			<grid name="inventory" rows="2" cols="2" pos="3,-3" cell_width="75" cell_height="75" controller="WorkstationToolGrid" repeat_content="true" allow_sort_order="false"
			required_tools="sewingKit,tanningRack,weldingTorch" required_tools_only="true">
				<required_item_stack name="0"/>
			</grid>		
			
		</rect>
	</window> 
	</append>		
</Valmar>