<Valmar>
<append xpath="/blocks">
	 <block name="trapFireEmpty">
       <property name="CustomIcon" value="trapFire" />
        <property name="Material" value="Msteel" />
        <property name="Texture" value="356,352,352,352,352,352" />
        <property class="UpgradeBlock">
            <property name="ToBlock" value="trapFire" />
            <property name="Item" value="trapGasCan" />
            <property name="ItemCount" value="10" />
            <property name="UpgradeHitCount" value="1" />
        </property>
        <drop event="Destroy" count="0" prob="1" />
        <drop event="Fall" name="scrapMetalPile" count="1" prob="1.0"  stick_chance="1" />
        </block>
    <block name="trapFire">
          <property name="DescriptionKey" value="trapFireDesc"/>
        <property name="Class" value="Damage" />
        <property name="Damage" value="30" />
        <property name="Damage_received" value="30" />
		<property name="MaxDamage" value="290"/>
        <property name="BuffsWhenWalkedOn" value="buffBurningMolotov" />
        <property name="Material" value="Msteel" />
        <property name="Texture" value="355,352,352,352,352,352" />
		<property name="DowngradeBlock" value="trapFireEmpty" />
        <drop event="Destroy" count="0" prob="1" />
        <drop event="Fall" name="scrapMetalPile" count="1" prob="1.0"  stick_chance="1" />
        <property name="Group" value="Tools/Traps" />
		<property name="UnlockedBy" value="trapSchematic"/>
    </block>
    <block name="trapAdhesiveKnockdown">
		<property name="CustomIcon" value="trapAdhesiveSpike"/>
		<property name="CustomIconTint" value="4040ff"/>
        <property name="DescriptionKey" value="trapAdhesiveKnockdownDesc"/>
       <property name="Material" value="MbarbedFence" />
        <property name="Shape" value="ModelEntity" />
        <property name="Texture" value="217" />
		<property name="Damage" value="1"/>
	    <property name="Damage_received" value="1"/>
		<property name="MaxDamage" value="132"/>
		<property name="Model" value="Entities/Electrical/pressure_platePrefab"/>
		<property name="HandleFace" value="Bottom"/>
		<property name="ImposterExchange" value="imposterPlate" param1="143"/>
		<property name="CanPickup" value="false"/>
		<property name="BuffsWhenWalkedOn" value="buffInjuryKnockdown02" />
		<property name="MultiBlockDim" value="1,1,1"/>
		 <drop event="Destroy" count="0" />
         <property name="Group" value="Tools/Traps" />
        <drop event="Fall" count="0"/>
		<property name="UnlockedBy" value="trapSchematic"/>
    </block>
	 <block name="trapAdhesiveShocked">
		<property name="CustomIcon" value="trapAdhesiveSpike"/>
		<property name="CustomIconTint" value="4040ff"/>
        <property name="DescriptionKey" value="trapAdhesiveDesc"/>
       <property name="Material" value="MbarbedFence" />
        <property name="Shape" value="ModelEntity" />
        <property name="Texture" value="217" />
		<property name="Damage" value="33"/>
	    <property name="Damage_received" value="33"/>
		<property name="MaxDamage" value="238"/>
		<property name="Model" value="Entities/Electrical/pressure_platePrefab"/>
		<property name="HandleFace" value="Bottom"/>
		<property name="ImposterExchange" value="imposterPlate" param1="143"/>
		<property name="CanPickup" value="false"/>
		<property name="BuffsWhenWalkedOn" value="buffShocked" />
		<property name="MultiBlockDim" value="1,1,1"/>
		 <drop event="Destroy" count="0" />
         <property name="Group" value="Tools/Traps" />
        <drop event="Fall" count="0"/>
		<property name="UnlockedBy" value="trapSchematic"/>
    </block>
	 <block name="trapAdhesiveBurning">
		<property name="CustomIcon" value="trapAdhesiveSpike"/>
		<property name="CustomIconTint" value="4040ff"/>
        <property name="DescriptionKey" value="trapAdhesiveBurningDesc"/>
       <property name="Material" value="MbarbedFence" />
        <property name="Shape" value="ModelEntity" />
        <property name="Texture" value="217" />
		<property name="Damage" value="44"/>
	    <property name="Damage_received" value="44"/>
		<property name="MaxDamage" value="450"/>
		<property name="Model" value="Entities/Electrical/pressure_platePrefab"/>
		<property name="HandleFace" value="Bottom"/>
		<property name="ImposterExchange" value="imposterPlate" param1="143"/>
		<property name="CanPickup" value="false"/>
		<property name="BuffsWhenWalkedOn" value="buffBurningMolotov" />
		<property name="MultiBlockDim" value="1,1,1"/>
		 <drop event="Destroy" count="0" />
         <property name="Group" value="Tools/Traps" />
        <drop event="Fall" count="0"/>
		<property name="UnlockedBy" value="trapSchematic"/>
    </block>
	 <block name="trapAdhesiveStunned">
		<property name="CustomIcon" value="trapAdhesiveSpike"/>
		<property name="CustomIconTint" value="4040ff"/>
        <property name="DescriptionKey" value="trapAdhesiveStunnedDesc"/>
       <property name="Material" value="MbarbedFence" />
        <property name="Shape" value="ModelEntity" />
        <property name="Texture" value="217" />
		<property name="Damage" value="1"/>
	    <property name="Damage_received" value="1"/>
		<property name="MaxDamage" value="132"/>
		<property name="Model" value="Entities/Electrical/pressure_platePrefab"/>
		<property name="HandleFace" value="Bottom"/>
		<property name="ImposterExchange" value="imposterPlate" param1="143"/>
		<property name="CanPickup" value="false"/>
		<property name="BuffsWhenWalkedOn" value="buffInjuryStunned03" />
		<property name="MultiBlockDim" value="1,1,1"/>
		 <drop event="Destroy" count="0" />
         <property name="Group" value="Tools/Traps" />
        <drop event="Fall" count="0"/>
		<property name="UnlockedBy" value="trapSchematic"/>
    </block>
	<block name="pressureplateLongtrapAdhesiveKnockdown">
	<property name="CustomIcon" value="pressureplateLong"/>
	<property name="CustomIconTint" value="4040ff"/>
	<property name="DescriptionKey" value="pressureplateLongtrapAdhesiveKnockdownDesc"/>
    <property name="Material" value="MbarbedWire" />
    <property name="Shape" value="ModelEntity" />
    <property name="Texture" value="217" />
	<property name="Damage" value="1"/>
	<property name="Damage_received" value="1"/>
    <property name="MaxDamage" value="244"/>
	<property name="Mesh" value="models"/>
	<property name="Model" value="Entities/Electrical/pressure_plate_longPrefab"/> <property name="HandleFace" value="Bottom"/>
	<property name="MultiBlockDim" value="5,1,1"/>
	<property name="ImposterExchange" value="imposterPlate" param1="143"/>
	<property name="HandleFace" value="Bottom"/>
	<property name="CanPickup" value="false"/>
	<property name="BuffsWhenWalkedOn" value="buffInjuryKnockdown02" />
	 <property name="Group" value="Tools/Traps" />
	 <property name="UnlockedBy" value="trapSchematic"/>
	<property class="RepairItems">
		<property name="resourceForgedIron" value="40"/>
		<property name="resourceMechanicalParts" value="6"/>
		<property name="resourceElectricParts" value="4"/>
	</property>	
</block>
<block name="pressureplateLongtrapAdhesiveShocked">
	<property name="CustomIcon" value="pressureplateLong"/>
	<property name="CustomIconTint" value="4040ff"/>
	<property name="DescriptionKey" value="pressureplateLongtrapAdhesiveShockedDesc"/>
    <property name="Material" value="MbarbedWire" />
    <property name="Shape" value="ModelEntity" />
    <property name="Texture" value="217" />
	<property name="Damage" value="33"/>
	    <property name="Damage_received" value="33"/>
		<property name="MaxDamage" value="474"/>
	<property name="Mesh" value="models"/>
	<property name="Model" value="Entities/Electrical/pressure_plate_longPrefab"/> <property name="HandleFace" value="Bottom"/>
	<property name="MultiBlockDim" value="5,1,1"/>
	<property name="ImposterExchange" value="imposterPlate" param1="143"/>
	<property name="HandleFace" value="Bottom"/>
	<property name="CanPickup" value="false"/>
	<property name="BuffsWhenWalkedOn" value="buffShocked" />
	 <property name="Group" value="Tools/Traps" />
	 <property name="UnlockedBy" value="trapSchematic"/>
	<property class="RepairItems">
		<property name="resourceForgedIron" value="40"/>
		<property name="resourceMechanicalParts" value="6"/>
		<property name="resourceElectricParts" value="4"/>
	</property>	
</block>
<block name="pressureplateLongtrapAdhesiveBurning">
	<property name="CustomIcon" value="pressureplateLong"/>
	<property name="CustomIconTint" value="4040ff"/>
	<property name="DescriptionKey" value="pressureplateLongtrapAdhesiveBurningDesc"/>
    <property name="Material" value="MbarbedWire" />
    <property name="Shape" value="ModelEntity" />
    <property name="Texture" value="217" />
	<property name="Mesh" value="models"/>
	<property name="Model" value="Entities/Electrical/pressure_plate_longPrefab"/> <property name="HandleFace" value="Bottom"/>
	<property name="MultiBlockDim" value="5,1,1"/>
	<property name="ImposterExchange" value="imposterPlate" param1="143"/>
	<property name="HandleFace" value="Bottom"/>
	<property name="CanPickup" value="false"/>
	<property name="Damage" value="44"/>
	<property name="Damage_received" value="44"/>
	<property name="MaxDamage" value="900"/>
	<property name="BuffsWhenWalkedOn" value="buffBurningMolotov" />
	 <property name="Group" value="Tools/Traps" />
	 <property name="UnlockedBy" value="trapSchematic"/>
	<property class="RepairItems">
		<property name="resourceForgedIron" value="40"/>
		<property name="resourceMechanicalParts" value="6"/>
		<property name="resourceElectricParts" value="4"/>
	</property>	
</block>
<block name="pressureplateLongtrapAdhesiveStunned">
	<property name="CustomIcon" value="pressureplateLong"/>
	<property name="CustomIconTint" value="4040ff"/>
	<property name="DescriptionKey" value="pressureplateLongtrapAdhesiveStunnedDesc"/>
    <property name="Material" value="MbarbedWire" />
    <property name="Shape" value="ModelEntity" />
    <property name="Texture" value="217" />
	<property name="Mesh" value="models"/>
	<property name="Model" value="Entities/Electrical/pressure_plate_longPrefab"/> <property name="HandleFace" value="Bottom"/>
	<property name="MultiBlockDim" value="5,1,1"/>
	<property name="ImposterExchange" value="imposterPlate" param1="143"/>
	<property name="HandleFace" value="Bottom"/>
	<property name="Damage" value="1"/>
	    <property name="Damage_received" value="1"/>
		<property name="MaxDamage" value="166"/>
	<property name="CanPickup" value="false"/>
	<property name="BuffsWhenWalkedOn" value="buffInjuryStunned03" />
	 <property name="Group" value="Tools/Traps" />
	 <property name="UnlockedBy" value="trapSchematic"/>
	<property class="RepairItems">
		<property name="resourceForgedIron" value="40"/>
		<property name="resourceMechanicalParts" value="6"/>
		<property name="resourceElectricParts" value="4"/>
	</property>	
</block>
    <block name="trapAdhesiveKnockdownSpike">
		<property name="CustomIcon" value="trapSteelSpike"/>
		<property name="CustomIconTint" value="4040ff"/>
        <property name="DescriptionKey" value="trapAdhesiveKnockdownSpikeDesc"/>
        <property name="Extends" value="woodLogSpike1" />
        <property name="Material" value="MbarbedFence" />
		<property name="BuffsWhenWalkedOn" value="buffInjuryKnockdown02" /> 
		 <property name="Texture" value="245" />
		 <property name="Damage" value="1"/>
	    <property name="Damage_received" value="1"/>
		 <property name="MaxDamage" value="200" />
		<property name="UnlockedBy" value="trapSchematic"/>
    </block>
	  <block name="trapAdhesiveShockedSpike">
		<property name="CustomIcon" value="trapSteelSpike"/>
		<property name="CustomIconTint" value="4040ff"/>
        <property name="DescriptionKey" value="trapAdhesiveShockedSpikeDesc"/>
        <property name="Extends" value="woodLogSpike1" />
        <property name="Material" value="MbarbedFence" />
		<property name="BuffsWhenWalkedOn" value="buffShocked" />
        <property name="Texture" value="245" />
		<property name="Damage" value="33"/>
	    <property name="Damage_received" value="33"/>
		 <property name="MaxDamage" value="300" />
		 <property name="UnlockedBy" value="trapSchematic"/>
    </block>
	  <block name="trapAdhesiveBurningSpike">
		<property name="CustomIcon" value="trapSteelSpike"/>
		<property name="CustomIconTint" value="4040ff"/>
        <property name="DescriptionKey" value="trapAdhesiveBurningSpikeDesc"/>
        <property name="Extends" value="woodLogSpike1" />
        <property name="Material" value="MbarbedFence" />
		<property name="BuffsWhenWalkedOn" value="buffBurningMolotov" />
        <property name="Texture" value="245" />
		<property name="Damage" value="44"/>
	    <property name="Damage_received" value="44"/>
		 <property name="MaxDamage" value="300" />
		 <property name="UnlockedBy" value="trapSchematic"/>
    </block>
	  <block name="trapAdhesiveStunnedSpike">
		<property name="CustomIcon" value="trapSteelSpike"/>
		<property name="CustomIconTint" value="4040ff"/>
        <property name="DescriptionKey" value="trapAdhesiveStunnedSpikeDesc"/>
        <property name="Extends" value="woodLogSpike1" />
        <property name="Material" value="MbarbedFence" />
		<property name="BuffsWhenWalkedOn" value="buffInjuryStunned03" />
        <property name="Texture" value="245" />
		<property name="Damage" value="1"/>
	    <property name="Damage_received" value="1"/>
		 <property name="MaxDamage" value="200" />
		 <property name="UnlockedBy" value="trapSchematic"/>
    </block>
    <block name="minersTNT">
        <property name="DescriptionKey" value="minersTNTDesc"/>
    <property name="Extends" value="mineCandyTin" />
    <property class="Explosion">
    <property name="RadiusBlocks" value="10" /> <!-- damage radius for blocks -->
	<property name="UnlockedBy" value="trapSchematic"/>
	</property>
    </block>
    <block name="trapSteelFireSpike">  
	<property name="Damage" value="100"/>
	    <property name="Damage_received" value="100"/>
    <property name="MaxDamage" value="2000" />
    <property name="Class" value="TrunkTip" />
	 <property name="DescriptionKey" value="trapSteelFireSpikeDesc"/>
    <property name="Damage" value="7" />
    <property name="Damage_received" value="40" />
    <property name="Material" value="Msteel" />
    <property name="MaxDamage" value="10000" />
    <property name="Shape" value="New" />
    <property name="Model" value="cone1m" />
    <property name="Texture" value="355" />
    <!--property name="DontDamageOnTouch" value="true" /-->
    <property name="BuffsWhenWalkedOn" value="buffBurningMolotov"/>
    <property class="RepairItems"> <property name="resourceForgedSteel" value="10" /> </property>
    <property name="CustomUpgradeSound" value="Crafting/place_block_metal" />
    <property name="DowngradeBlock" value="steelLogSpike6" />
    <drop event="Destroy" count="0" />
    <drop event="Fall" name="scrapMetalPile" count="1" prob=".75" stick_chance="1" />
    <property name="EconomicValue" value="160" />
    <property name="Group" value="Tools/Traps" />
	<property name="UnlockedBy" value="trapSchematic"/>
	 </block>
 
    <block name="trapNailMine">
        <property name="DescriptionKey" value="trapNailMineDesc"/>
        <property name="Class" value="Mine" />
        <property name="Material" value="Mmetal" />
        <property name="Shape" value="Ext3dModel" />
        <property name="Mesh" value="models" />
        <property name="Model" value="Traps/trap_mine_tin" param1="main_mesh" />
        <property name="IsTerrainDecoration" value="true" />
        <property name="Explosion.ParticleIndex" value="1" />
        <!-- which prefab/particle is used -->
        <property name="Explosion.RadiusEntities" value="4" />
        <!-- damage radius for entities -->
        <property name="DropScale" value="3" />
        <drop event="Destroy" count="0" />
        <property name="Group" value="Tools/Traps" />
		<property name="UnlockedBy" value="trapSchematic"/>
		 </block>
</append>
	
</Valmar>