<Valmar>
<append xpath="/items">
<item name="gunTrapNailgun"> <!-- T3 Tools -->
	<property name="CustomIcon" value="meleeToolRepairT3Nailgun"/>
	<property name="CustomIconTint" value="4040ff"/>
	<property name="DescriptionKey" value="gunTrapNailgunDesc"/>
	<property name="Tags" value="tool,nailgun,sideAttachments,selfLoading,canHaveCosmetic"/>
	<property name="DisplayType" value="rangedRepairTool"/>
	<property name="HoldType" value="37"/>
	<property name="Meshfile" value="#Other/Items?Tools/nailgunPrefab.prefab"/>
	<property name="Material" value="MmechanicalParts"/> <property name="Weight" value="10"/>
	<property name="RepairTools" value="resourceRepairKit"/>
	<property name="DegradationBreaksAfter" value="false"/>
	<property name="SoundJammed" value="weapon_jam"/>
	<property name="CrosshairUpAfterShot" value="true"/>
	<property name="Stacknumber" value="1"/>
	<property name="UnlockedBy" value="trapSchematic"/>
	<property name="ShowQuality" value="true"/>
	<property class="Action1"> <!-- UseAction -->
		<property name="Class" value="Repair"/>
		<property name="Delay" value=".4"/> <!-- Repair actions still need the delay amount -->
		<property name="Repair_amount" value="125"/>
		<property name="Upgrade_hit_offset" value="-5"/>
		<property name="Repair_action_sound" value="nailgun_fire"/>
		<property name="Upgrade_action_sound" value="nailgun_fire"/>
		<property name="Allowed_upgrade_items" value="trapGasCan"/>
		<!--<property name="Restricted_upgrade_items" value="concrete"/>-->
	</property>
	<property name="Group" value="Tools/Traps"/>
	<property name="RepairExpMultiplier" value="10.8"/>
	<property name="EconomicValue" value="1000"/>
	<effect_group name="gunTrapNailgun" tiered="false"> <!-- gunToolNailgun -->
		<passive_effect name="DamageFalloffRange" operation="base_set" value="3"/>
		<passive_effect name="DamageFalloffRange" operation="perc_add" value="-.2,.2"/> <!-- random effective rng -->
		<passive_effect name="MaxRange" operation="base_set" value="10"/>

		<passive_effect name="SpreadDegreesVertical" operation="base_set" value="1.3"/>
		<passive_effect name="SpreadDegreesHorizontal" operation="base_set" value="1.3"/>
		<passive_effect name="SpreadMultiplierAiming" operation="base_set" value=".4"/>
		<passive_effect name="SpreadMultiplierCrouching" operation="base_set" value=".8"/>
		<passive_effect name="SpreadMultiplierWalking" operation="base_set" value="1.5"/>
		<passive_effect name="SpreadMultiplierRunning" operation="base_set" value="2.2"/>

		<display_value name="dBlockRepairAmount" value="1000"/>
		<passive_effect name="IncrementalSpreadMultiplier" operation="base_set" value="2"/>
		<passive_effect name="WeaponHandling" operation="base_set" value=".7"/> <!-- crosshair reset speed -->
		<passive_effect name="RoundsPerMinute" operation="base_set" value="200"/>
		<passive_effect name="BurstRoundCount" operation="base_set" value="1"/> <!-- for the Launcher class this instantly fires BurstRoundCount projectiles on pulling the trigger -->
		<passive_effect name="MagazineSize" operation="base_set" value="10"/>
		<!-- <passive_effect name="ReloadSpeedMultiplier" operation="base_set" value="1"/>  does not work at all on the nailgun -->

		<passive_effect name="KickDegreesVerticalMin" operation="base_set" value="-.7"/>
		<passive_effect name="KickDegreesVerticalMax" operation="base_set" value=".7"/>

		<passive_effect name="KickDegreesHorizontalMin" operation="base_set" value="-.6"/>
		<passive_effect name="KickDegreesHorizontalMax" operation="base_set" value=".6"/>
		<passive_effect name="DegradationMax" operation="base_set" value="1000" tags="nailgun"/>
		<passive_effect name="DegradationPerUse" operation="base_set" value="1" tags="nailgun"/>
		<passive_effect name="ModSlots" operation="base_set" value="0"/>
	</effect_group>
</item>
<item name="trapGasCan">
	<property name="CustomIcon" value="ammoGasCan"/>
	<property name="CustomIconTint" value="4040ff"/>
	<property name="DescriptionKey" value="trapGasCanDesc"/>
	<property name="Tags" value="gasoline"/>
	<property name="HoldType" value="45"/>
	<property name="Meshfile" value="#Other/Items?Misc/sackPrefab.prefab"/>
	<property name="DropMeshfile" value="#Other/Items?Misc/sack_droppedPrefab.prefab"/>
	<property name="Material" value="MFuelBarrelMetal"/>
	<property name="Stacknumber" value="10000"/> <!-- STK resource -->
	<property name="FuelValue" value="2"/>
	<property name="EconomicValue" value="10"/> <!-- oil barrel 500 -->
	<property name="EconomicBundleSize" value="100"/>
	<property name="Group" value="Resources,Chemicals,CFChemicals"/>
	<property name="UnlockedBy" value="trapSchematic"/>
	<property name="CraftingIngredientTime" value=".05"/>
	</item>
	
<item name="trapSchematic">
	<property name="Extends" value="schematicMaster"/>
	<property name="CreativeMode" value="Player"/>
	<property name="DescriptionKey" value="trapSchematicDesc"/>
	<property name="CustomIcon" value="macDyverBook"/>
	<property name="Unlocks" value="gunTrapNailgun,trapGasCan,trapFire,trapAdhesiveKnockdown,trapAdhesiveShocked,trapAdhesiveBurning,trapAdhesiveStunned,pressureplateLongtrapAdhesiveKnockdown,pressureplateLongtrapAdhesiveShocked,pressureplateLongtrapAdhesiveBurning,pressureplateLongtrapAdhesiveStunned,trapAdhesiveKnockdownSpike,trapAdhesiveShockedSpike,trapAdhesiveBurningSpike,trapAdhesiveStunnedSpike,minersTNT,trapSteelFireSpike,trapNailMine"/>
	<effect_group tiered="false">
		<triggered_effect trigger="onSelfPrimaryActionEnd" action="ModifyCVar" cvar="gunTrapNailgun" operation="set" value="1"/>
		<triggered_effect trigger="onSelfPrimaryActionEnd" action="ModifyCVar" cvar="trapGasCan" operation="set" value="1"/>		
		<triggered_effect trigger="onSelfPrimaryActionEnd" action="ModifyCVar" cvar="trapFire" operation="set" value="1"/>
		<triggered_effect trigger="onSelfPrimaryActionEnd" action="ModifyCVar" cvar="trapAdhesiveKnockdown" operation="set" value="1"/>
		<triggered_effect trigger="onSelfPrimaryActionEnd" action="ModifyCVar" cvar="trapAdhesiveShocked" operation="set" value="1"/>
		<triggered_effect trigger="onSelfPrimaryActionEnd" action="ModifyCVar" cvar="trapAdhesiveBurning" operation="set" value="1"/>
		<triggered_effect trigger="onSelfPrimaryActionEnd" action="ModifyCVar" cvar="trapAdhesiveStunned" operation="set" value="1"/>
		<triggered_effect trigger="onSelfPrimaryActionEnd" action="ModifyCVar" cvar="pressureplateLongtrapAdhesiveKnockdown" operation="set" value="1"/>
		<triggered_effect trigger="onSelfPrimaryActionEnd" action="ModifyCVar" cvar="pressureplateLongtrapAdhesiveShocked" operation="set" value="1"/>
		<triggered_effect trigger="onSelfPrimaryActionEnd" action="ModifyCVar" cvar="pressureplateLongtrapAdhesiveBurning" operation="set" value="1"/>
		<triggered_effect trigger="onSelfPrimaryActionEnd" action="ModifyCVar" cvar="pressureplateLongtrapAdhesiveStunned" operation="set" value="1"/>
		<triggered_effect trigger="onSelfPrimaryActionEnd" action="ModifyCVar" cvar="trapAdhesiveKnockdownSpike" operation="set" value="1"/>
		<triggered_effect trigger="onSelfPrimaryActionEnd" action="ModifyCVar" cvar="trapAdhesiveShockedSpike" operation="set" value="1"/>
		<triggered_effect trigger="onSelfPrimaryActionEnd" action="ModifyCVar" cvar="trapAdhesiveBurningSpike" operation="set" value="1"/>
		<triggered_effect trigger="onSelfPrimaryActionEnd" action="ModifyCVar" cvar="trapAdhesiveStunnedSpike" operation="set" value="1"/>
		<triggered_effect trigger="onSelfPrimaryActionEnd" action="ModifyCVar" cvar="minersTNT" operation="set" value="1"/>
		<triggered_effect trigger="onSelfPrimaryActionEnd" action="ModifyCVar" cvar="trapSteelFireSpike" operation="set" value="1"/>
		<triggered_effect trigger="onSelfPrimaryActionEnd" action="ModifyCVar" cvar="trapNailMine" operation="set" value="1"/>
		<triggered_effect trigger="onSelfPrimaryActionEnd" action="GiveExp" exp="50"/>
	</effect_group>
</item>

</append>
</Valmar>