<Valmar>
<append xpath="/recipes">
        <!-- Expanded Traps Mod -->
<recipe name="trapAdhesiveKnockdown" count="1" scrapable="False" tags="learnable" >
    <ingredient name="resourceWood" count="4"/>
    <ingredient name="ammoGasCan" count="10" />
	<ingredient name="modGunCrippleEm" count="1"/>
</recipe>
<recipe name="trapAdhesiveShocked" count="1" scrapable="False" tags="learnable" >
    <ingredient name="resourceWood" count="10"/>
    <ingredient name="ammoGasCan" count="6" />
	<ingredient name="modMeleeStunBatonRepulsor" count="1"/>
	<ingredient name="carBattery" count="1"/>
</recipe>
<recipe name="trapAdhesiveBurning" count="1" scrapable="False" tags="learnable" >
    <ingredient name="resourceWood" count="24"/>
    <ingredient name="ammoGasCan" count="12"/>
	<ingredient name="modFuelTankSmall" count="1"/>
	<ingredient name="modMeleeClubBurningShaft" count="1"/>
</recipe>
<recipe name="trapAdhesiveStunned" count="1" scrapable="False" tags="learnable" >
    <ingredient name="resourceWood" count="20"/>
	 <ingredient name="ammoGasCan" count="3" />
    <ingredient name="meleeWpnBatonT2StunBatonParts" count="1"/>
</recipe>
<recipe name="pressureplateLongtrapAdhesiveKnockdown" count="1" scrapable="False" tags="learnable" >
    <ingredient name="resourceForgedSteel" count="20"/>
    <ingredient name="ammoGasCan" count="10" />
	<ingredient name="modGunCrippleEm" count="2"/>
</recipe>
<recipe name="pressureplateLongtrapAdhesiveShocked" count="1" scrapable="False" tags="learnable" >
    <ingredient name="resourceForgedSteel" count="30"/>
	<ingredient name="ammoGasCan" count="10" />
	<ingredient name="modMeleeStunBatonRepulsor" count="1"/>
	<ingredient name="carBattery" count="1"/>
</recipe>
<recipe name="pressureplateLongtrapAdhesiveBurning" count="1" scrapable="False" tags="learnable" >
    <ingredient name="resourceForgedSteel" count="40"/>
    <ingredient name="ammoGasCan" count="24"/>
	<ingredient name="modFuelTankSmall" count="2"/>
	<ingredient name="modMeleeClubBurningShaft" count="1"/>
</recipe>
<recipe name="pressureplateLongtrapAdhesiveStunned" count="1" scrapable="False" tags="learnable" >
    <ingredient name="resourceForgedSteel" count="50"/>
    <ingredient name="meleeWpnBatonT2StunBatonParts" count="32"/>
</recipe>
<recipe name="trapAdhesiveKnockdownSpike" count="1" scrapable="False" tags="learnable" >
    <ingredient name="resourceWood" count="12" />
    <ingredient name="ammoGasCan" count="3" />
	<ingredient name="modGunCrippleEm" count="1"/>
</recipe>
<recipe name="trapAdhesiveShockedSpike" count="1" scrapable="False" tags="learnable"  >
    <ingredient name="resourceWood" count="12" />
    <ingredient name="ammoGasCan" count="4" />
	<ingredient name="modMeleeStunBatonRepulsor" count="2"/>
	<ingredient name="carBattery" count="1"/>
</recipe>
<recipe name="trapAdhesiveBurningSpike" count="1" scrapable="False" tags="learnable" >
    <ingredient name="resourceWood" count="12" />
    <ingredient name="ammoGasCan" count="5" />
	<ingredient name="modFuelTankSmall" count="3"/>
	<ingredient name="modMeleeClubBurningShaft" count="1"/>
</recipe>
<recipe name="trapAdhesiveStunnedSpike" count="1" scrapable="False" tags="learnable" >
    <ingredient name="resourceWood" count="12" />
    <ingredient name="ammoGasCan" count="6" />
	<ingredient name="meleeWpnBatonT2StunBatonParts" count="4"/>
</recipe>
<recipe name="trapFireEmpty" count="2" scrapable="False" tags="learnable" >      
    <ingredient name="resourceForgedSteel" count="8" />
    <ingredient name="toolCookingGrill" count="1" />
    <ingredient name="ammoGasCan" count="1" />
	<ingredient name="resourceGunPowder" count="4"/>
</recipe>
<recipe name="trapNailMine" count="1" scrapable="True" tags="learnable" >
    <ingredient name="resourceNail" count="15"/>
    <ingredient name="resourceGunPowder" count="1"/>
    <ingredient name="resourceCandyTin" count="1"/>
</recipe>
<recipe name="trapGasCan" count="1" scrapable="False" tags="learnable" >
    <ingredient name="ammoGasCan" count="4"/>
	<ingredient name="resourceGunPowder" count="4"/>
    <ingredient name="resourceScrapPolymers" count="8"/>
</recipe>
<recipe name="gunTrapNailgun" count="1" scrapable="False" tags="learnable" >
    <ingredient name="ammoGasCan" count="4"/>
    <ingredient name="resourceForgedSteel" count="8"/>
	  <ingredient name="resourceMetalPipe" count="2"/>
    <ingredient name="resourceDuctTape" count="8"/>
	<ingredient name="modFuelTankLarge" count="2"/>
</recipe>
</append>
</Valmar>