<Valmar>
	<append xpath="/blocks">
	<block name="AutoWall:Wood">
    <property name="CustomIcon" value="woodBlock"/>
    <property name="DescriptionKey" value="devOnlyGroupDesc"/>
    <property name="Group" value="Building,advBuilding"/>
    <property name="Tags" value="wood"/>
    <property name="Material" value="Mwood_regular"/>
    <property name="Texture" value="241"/>
    <property name="FuelValue" value="300"/>
    <property name="CreativeMode" value="Player"/>
	<property name="UnlockedBy" value="perkAdvancedEngineering,AutoWall:WoodSchematic"/>
    <property name="IsDistantDecoration" value="true"/>
    <property class="RepairItems"> <property name="resourceWood" value="3"/> </property>
    <drop event="Harvest" name="resourceWood" count="2" tag="allHarvest"/>
    <drop event="Destroy" count="0"/>
    <drop event="Fall" name="terrDestroyedWoodDebris" count="1" prob="0.75" stick_chance="1"/>
    <property name="EconomicValue" value="10"/>
    <property name="EconomicBundleSize" value="1"/>
    <property name="FilterTags" value="fbuilding,fwood"/>
    <property name="SortOrder1" value="4020"/>
    <property name="SortOrder2" value="0002"/>
    <property name="Class" value="PlantGrowing"/>
    <property name="PlantGrowing.IsGrowOnTopEnabled" value="true"/>
    <property name="PlantGrowing.Next" value="woodMaster"/>
    <property name="PlantGrowing.GrowOnTop" value="awWoodBlock2" />
    <property name="PlantGrowing.FertileLevel" value="0"/>
    <property name="PlantGrowing.GrowthRate" value="0.01"/>
    <property name="PlantGrowing.IsRandom" value="false"/>
    <property name="PlantGrowing.LightLevelStay" value="0"/>
</block>
<block name="awWoodBlock2">
    <property name="Extends" value="AutoWall:Wood"/>
    <property name="CreativeMode" value="None"/>
    <drop event="Destroy" count="0"/>
    <property name="PlantGrowing.GrowOnTop" value="awWoodBlock3"/>
</block>
<block name="awWoodBlock3">
    <property name="Extends" value="AutoWall:Wood"/>
    <property name="CreativeMode" value="None"/>
    <drop event="Destroy" count="0"/>
    <property name="PlantGrowing.GrowOnTop" value="awWoodBlock4"/>
</block>
<block name="awWoodBlock4">
    <property name="Extends" value="AutoWall:Wood"/>
    <property name="CreativeMode" value="None"/>
    <drop event="Destroy" count="0"/>
    <property name="PlantGrowing.GrowOnTop" value="awWoodBlock5"/>
</block>
<block name="awWoodBlock5">
    <property name="Extends" value="AutoWall:Wood"/>
    <property name="CreativeMode" value="None"/>
    <drop event="Destroy" count="0"/>
    <property name="PlantGrowing.GrowOnTop" value="woodMaster"/>
</block>

<block name="AutoWall:ScrapIron">
    <property name="CustomIcon" value="rScrapIronMaster"/>
    <property name="DescriptionKey" value="devOnlyGroupDesc"/>
    <property name="Group" value="Building,advBuilding"/>
    <property name="Material" value="Mmetal_medium"/>
    <property name="Texture" value="241"/>
    <property name="FuelValue" value="1"/>
    <property name="CreativeMode" value="Player"/>
    <property name="UnlockedBy" value="perkAdvancedEngineering,AutoWall:ScrapIronSchematic"/>
    <property name="IsDistantDecoration" value="true"/>
    <property class="RepairItems"> <property name="resourceScrapIron" value="30"/> </property>
    <drop event="Harvest" name="resourceScrapIron" count="17" tag="allHarvest"/>
    <drop event="Destroy" count="0"/>
    <drop event="Fall" name="scrapMetalPile" count="1" prob="0.75" stick_chance="1"/>
    <property name="EconomicValue" value="40"/>
    <property name="FilterTags" value="fbuilding,firon"/>
    <property name="SortOrder1" value="40g0"/>
    <property name="SortOrder2" value="0002"/>
    <property name="Class" value="PlantGrowing"/>
    <property name="PlantGrowing.IsGrowOnTopEnabled" value="true"/>
    <property name="PlantGrowing.Next" value="rScrapIronMaster"/>
    <property name="PlantGrowing.GrowOnTop" value="awSIBlock2" />
    <property name="PlantGrowing.FertileLevel" value="0"/>
    <property name="PlantGrowing.GrowthRate" value="0.01"/>
    <property name="PlantGrowing.IsRandom" value="false"/>
    <property name="PlantGrowing.LightLevelStay" value="0"/>
</block>
<block name="awSIBlock2">
    <property name="Extends" value="AutoWall:ScrapIron"/>
    <property name="CreativeMode" value="None"/>
    <drop event="Destroy" count="0"/>
    <property name="PlantGrowing.GrowOnTop" value="awSIBlock3"/>
</block>
<block name="awSIBlock3">
    <property name="Extends" value="AutoWall:ScrapIron"/>
    <property name="CreativeMode" value="None"/>
    <drop event="Destroy" count="0"/>
    <property name="PlantGrowing.GrowOnTop" value="awSIBlock4"/>
</block>
<block name="awSIBlock4">
    <property name="Extends" value="AutoWall:ScrapIron"/>
    <property name="CreativeMode" value="None"/>
    <drop event="Destroy" count="0"/>
    <property name="PlantGrowing.GrowOnTop" value="awSIBlock5"/>
</block>
<block name="awSIBlock5">
    <property name="Extends" value="AutoWall:ScrapIron"/>
    <property name="CreativeMode" value="None"/>
    <drop event="Destroy" count="0"/>
    <property name="PlantGrowing.GrowOnTop" value="rScrapIronMaster"/>
</block>

<block name="AutoWall:Concrete">
    <property name="CustomIcon" value="pouredConcreteMaster"/>
    <property name="DescriptionKey" value="devOnlyGroupDesc"/>
    <property name="Group" value="Building,advBuilding"/>
    <property name="Material" value="Mconcrete"/>
    <property name="Texture" value="176"/>
    <property name="FuelValue" value="1"/>
    <property name="CreativeMode" value="Player"/>
    <property name="UnlockedBy" value="perkAdvancedEngineering,AutoWall:ConcreteSchematic"/>
    <property name="IsDistantDecoration" value="true"/>
    <property class="RepairItems"> <property name="resourceConcreteMix" value="8"/> </property>
    <drop event="Harvest" name="resourceCement" count="8" tag="allHarvest"/>
    <drop event="Destroy" count="0"/>
    <drop event="Fall" name="terrDestroyedStone" count="1" prob="0.75" stick_chance="1"/>
    <property name="Class" value="UpgradeRated"/>
    <property name="UpgradeRated.ToBlock" value="concreteMaster"/>
    <property name="UpgradeRated.Rate" value="4"/>
    <drop event="Destroy" count="0"/>
    <property name="EconomicValue" value="50"/>
    <property name="EconomicBundleSize" value="20"/>
    <property name="FilterTags" value="fbuilding,fconcrete"/>
    <property name="SortOrder1" value="40m0"/>
    <property name="SortOrder2" value="0002"/>
    <property name="Class" value="PlantGrowing"/>
    <property name="PlantGrowing.IsGrowOnTopEnabled" value="true"/>
    <property name="PlantGrowing.Next" value="pouredConcreteMaster"/>
    <property name="PlantGrowing.GrowOnTop" value="awCBlock2" />
    <property name="PlantGrowing.FertileLevel" value="0"/>
    <property name="PlantGrowing.GrowthRate" value="0.01"/>
    <property name="PlantGrowing.IsRandom" value="false"/>
    <property name="PlantGrowing.LightLevelStay" value="0"/>
</block>
<block name="awCBlock2">
    <property name="Extends" value="AutoWall:Concrete"/>
    <property name="CreativeMode" value="None"/>
    <drop event="Destroy" count="0"/>
    <property name="PlantGrowing.GrowOnTop" value="awCBlock3"/>
</block>
<block name="awCBlock3">
    <property name="Extends" value="AutoWall:Concrete"/>
    <property name="CreativeMode" value="None"/>
    <drop event="Destroy" count="0"/>
    <property name="PlantGrowing.GrowOnTop" value="awCBlock4"/>
</block>
<block name="awCBlock4">
    <property name="Extends" value="AutoWall:Concrete"/>
    <property name="CreativeMode" value="None"/>
    <drop event="Destroy" count="0"/>
    <property name="PlantGrowing.GrowOnTop" value="awCBlock5"/>
</block>
<block name="awCBlock5">
    <property name="Extends" value="AutoWall:Concrete"/>
    <property name="CreativeMode" value="None"/>
    <drop event="Destroy" count="0"/>
    <property name="PlantGrowing.GrowOnTop" value="pouredConcreteMaster"/>
</block>	

<block name="AutoWall:cobblestoneBlock">
    <property name="CustomIcon" value="AutoWall_Cobblestone"/>
    <property name="DescriptionKey" value="devOnlyGroupDesc"/>
    <property name="Group" value="Building,advBuilding"/>
    <property name="Tags" value="cobblestone"/>
    <property name="Material" value="Mcobblestone"/>
    <property name="Texture" value="328"/>
    <property name="FuelValue" value="300"/>
    <property name="CreativeMode" value="Player"/>
    <property name="UnlockedBy" value="perkAdvancedEngineering,AutoWall:cobblestoneBlockSchematic"/>
    <property name="IsDistantDecoration" value="true"/>
    <property class="RepairItems"> <property name="resourceCobblestones" value="3"/> </property>
   <drop event="Harvest" name="resourceClayLump" count="6" tag="allHarvest"/>
	<drop event="Harvest" name="resourceRockSmall" count="6" tag="allHarvest"/>
    <drop event="Destroy" count="0"/>
   <drop event="Fall" name="terrDestroyedStone" count="1" prob="0.75" stick_chance="1"/>
    <property name="EconomicValue" value="14"/>
	<property name="EconomicBundleSize" value="20"/>
    <property name="FilterTags" value="fbuilding,fbrick"/>
	<property name="SortOrder1" value="40b0"/>
	<property name="SortOrder2" value="0002"/>
    <property name="Class" value="PlantGrowing"/>
    <property name="PlantGrowing.IsGrowOnTopEnabled" value="true"/>
    <property name="PlantGrowing.Next" value="cobblestoneMaster"/>
    <property name="PlantGrowing.GrowOnTop" value="awCobBlock2" />
    <property name="PlantGrowing.FertileLevel" value="0"/>
    <property name="PlantGrowing.GrowthRate" value="0.01"/>
    <property name="PlantGrowing.IsRandom" value="false"/>
    <property name="PlantGrowing.LightLevelStay" value="0"/>
</block>
<block name="awCobBlock2">
    <property name="Extends" value="AutoWall:cobblestoneBlock"/>
    <property name="CreativeMode" value="None"/>
    <drop event="Destroy" count="0"/>
    <property name="PlantGrowing.GrowOnTop" value="awCobBlock3"/>
</block>
<block name="awCobBlock3">
    <property name="Extends" value="AutoWall:cobblestoneBlock"/>
    <property name="CreativeMode" value="None"/>
    <drop event="Destroy" count="0"/>
    <property name="PlantGrowing.GrowOnTop" value="awCobBlock4"/>
</block>
<block name="awCobBlock4">
    <property name="Extends" value="AutoWall:cobblestoneBlock"/>
    <property name="CreativeMode" value="None"/>
    <drop event="Destroy" count="0"/>
    <property name="PlantGrowing.GrowOnTop" value="awCobBlock5"/>
</block>
<block name="awCobBlock5">
    <property name="Extends" value="AutoWall:cobblestoneBlock"/>
    <property name="CreativeMode" value="None"/>
    <drop event="Destroy" count="0"/>
    <property name="PlantGrowing.GrowOnTop" value="cobblestoneMaster"/>
</block>

<block name="AutoWall:flagstoneBlock">
    <property name="CustomIcon" value="AutoWall_Cobblestone"/>
    <property name="DescriptionKey" value="devOnlyGroupDesc"/>
    <property name="Group" value="Building,advBuilding"/>
    <property name="Tags" value="cobblestone"/>
    <property name="Material" value="Mstone"/>
    <property name="Texture" value="226"/>
    <property name="FuelValue" value="300"/>
	<property name="UnlockedBy" value="perkAdvancedEngineering,AutoWall:flagstoneBlockSchematic"/>
    <property name="CreativeMode" value="Player"/>
    <property class="RepairItems"> <property name="resourceCobblestones" value="3"/> </property>
	<drop event="Harvest" name="resourceClayLump" count="2" tag="allHarvest"/>
	<drop event="Harvest" name="resourceRockSmall" count="2" tag="allHarvest"/>
    <drop event="Destroy" count="0"/>
   <drop event="Fall" name="terrDestroyedStone" count="1" prob="0.75" stick_chance="1"/>
    <property name="EconomicValue" value="8"/>
	<property name="EconomicBundleSize" value="40"/>
    <property name="FilterTags" value="fbuilding,fbrick"/>
	<property name="SortOrder2" value="0050"/>
    <property name="Class" value="PlantGrowing"/>
    <property name="PlantGrowing.IsGrowOnTopEnabled" value="true"/>
    <property name="PlantGrowing.Next" value="flagstoneMaster"/>
    <property name="PlantGrowing.GrowOnTop" value="awFSBlock2" />
    <property name="PlantGrowing.FertileLevel" value="0"/>
    <property name="PlantGrowing.GrowthRate" value="0.01"/>
    <property name="PlantGrowing.IsRandom" value="false"/>
    <property name="PlantGrowing.LightLevelStay" value="0"/>
</block>
<block name="awFSBlock2">
    <property name="Extends" value="AutoWall:flagstoneBlock"/>
    <property name="CreativeMode" value="None"/>
    <drop event="Destroy" count="0"/>
    <property name="PlantGrowing.GrowOnTop" value="awFSBlock3"/>
</block>
<block name="awFSBlock3">
    <property name="Extends" value="AutoWall:flagstoneBlock"/>
    <property name="CreativeMode" value="None"/>
    <drop event="Destroy" count="0"/>
    <property name="PlantGrowing.GrowOnTop" value="awFSBlock4"/>
</block>
<block name="awFSBlock4">
    <property name="Extends" value="AutoWall:flagstoneBlock"/>
    <property name="CreativeMode" value="None"/>
    <drop event="Destroy" count="0"/>
    <property name="PlantGrowing.GrowOnTop" value="awFSBlock5"/>
</block>
<block name="awFSBlock5">
    <property name="Extends" value="AutoWall:flagstoneBlock"/>
    <property name="CreativeMode" value="None"/>
    <drop event="Destroy" count="0"/>
    <property name="PlantGrowing.GrowOnTop" value="flagstoneMaster"/>
</block>
	</append>	
</Valmar>