<Valmar>
	<append xpath="/items">
	<item name="AutoWall:WoodSchematic">
	<property name="Extends" value="schematicMaster"/>
	<property name="CreativeMode" value="Player"/>
	<property name="CustomIcon" value="skillbookBlacksmith"/>
	<property name="Unlocks" value="AutoWall:Wood"/>
	<effect_group tiered="false">
		<triggered_effect trigger="onSelfPrimaryActionEnd" action="ModifyCVar" cvar="AutoWall:Wood" operation="set" value="1"/>
		<triggered_effect trigger="onSelfPrimaryActionEnd" action="GiveExp" exp="50"/>
	</effect_group>
</item>
	<item name="AutoWall:ScrapIronSchematic">
	<property name="Extends" value="schematicMaster"/>
	<property name="CreativeMode" value="Player"/>
	<property name="CustomIcon" value="skillbookWasteland"/>
	<property name="Unlocks" value="AutoWall:ScrapIron"/>
	<effect_group tiered="false">
		<triggered_effect trigger="onSelfPrimaryActionEnd" action="ModifyCVar" cvar="AutoWall:ScrapIron" operation="set" value="1"/>
		<triggered_effect trigger="onSelfPrimaryActionEnd" action="GiveExp" exp="50"/>
	</effect_group>
</item>
	<item name="AutoWall:ConcreteSchematic">
	<property name="Extends" value="schematicMaster"/>
	<property name="CreativeMode" value="Player"/>
	<property name="CustomIcon" value="skillbookBuilding"/>
	<property name="Unlocks" value="AutoWall:Concrete"/>
	<effect_group tiered="false">
		<triggered_effect trigger="onSelfPrimaryActionEnd" action="ModifyCVar" cvar="AutoWall:Concrete" operation="set" value="1"/>
		<triggered_effect trigger="onSelfPrimaryActionEnd" action="GiveExp" exp="50"/>
	</effect_group>
</item>
	<item name="AutoWall:cobblestoneBlockSchematic">
	<property name="Extends" value="schematicMaster"/>
	<property name="CreativeMode" value="Player"/>
		<property name="CustomIcon" value="recipebookPottery"/>
	<property name="Unlocks" value="AutoWall:cobblestoneBlock"/>
	<effect_group tiered="false">
		<triggered_effect trigger="onSelfPrimaryActionEnd" action="ModifyCVar" cvar="AutoWall:cobblestoneBlock" operation="set" value="1"/>
		<triggered_effect trigger="onSelfPrimaryActionEnd" action="GiveExp" exp="50"/>
	</effect_group>
</item>	
	<item name="AutoWall:flagstoneBlockSchematic">
	<property name="Extends" value="schematicMaster"/>
	<property name="CreativeMode" value="Player"/>
	<property name="CustomIcon" value="recipebookMasonry"/>
	<property name="Unlocks" value="AutoWall:flagstoneBlock"/>
	<effect_group tiered="false">
		<triggered_effect trigger="onSelfPrimaryActionEnd" action="ModifyCVar" cvar="AutoWall:flagstoneBlock" operation="set" value="1"/>
		<triggered_effect trigger="onSelfPrimaryActionEnd" action="GiveExp" exp="50"/>
	</effect_group>
</item>	
	</append>
</Valmar>