<Valmar>
<append xpath="/recipes">
<recipe name="AutoWall:Wood" count="1" craft_time="6">
    <ingredient name="woodFrameBlockVariantHelper" count="6"/>
    <ingredient name="resourceWood" count="12"/>
	<ingredient name="resourceClayLump" count="24"/>
    <ingredient name="resourceMechanicalParts" count="6"/>
</recipe>

<recipe name="AutoWall:ScrapIron" count="1" craft_time="20">
    <ingredient name="scrapIronFrameBlockVariantHelper" count="6"/>
    <ingredient name="resourceScrapIron" count="90"/>
    <ingredient name="resourceClayLump" count="24"/>
    <ingredient name="resourceMechanicalParts" count="6"/>
</recipe>

<recipe name="AutoWall:Concrete" count="1" craft_time="48">
	<ingredient name="pouredConcreteBlockVariantHelper" count="6"/>
    <ingredient name="resourceConcreteMix" count="60"/>
    <ingredient name="resourceMechanicalParts" count="6"/>
</recipe>

<recipe name="AutoWall:cobblestoneBlock" count="1" craft_time="20">
    <ingredient name="rebarFrameBlockVariantHelper" count="6"/>
    <ingredient name="resourceCobblestones" count="24"/>
    <ingredient name="resourceMechanicalParts" count="6"/>
</recipe>

<recipe name="AutoWall:flagstoneBlock" count="1" craft_time="48">
	<ingredient name="flagstoneBlockVariantHelper" count="6"/>
    <ingredient name="resourceCobblestones" count="60"/>
    <ingredient name="resourceMechanicalParts" count="6"/>
</recipe>
</append>
</Valmar>