<Valmar>	
	<append xpath="/blocks">
	<block name="ArmoryWorkBench">
	<property name="Class" value="Workstation"/>
	<property name="Material" value="Mwood"/>
	<property name="DescriptionKey" value="ArmoryWorkBenchDesc"/>
	<property name="MaxDamage" value="800"/>
	<property name="StabilitySupport" value="false"/>
	<property name="Shape" value="ModelEntity"/>
	<property name="Model" value="Entities/Crafting/workbenchPrefab"/>
	<property name="DisplayType" value="blockMulti"/>
	<property name="UnlockedBy" value="ArmoryWorkbenchSchematic"/>
	<property name="MultiBlockDim" value="2,2,1"/>
	<property name="ImposterDontBlock" value="true"/>
	<property name="Place" value="TowardsPlacerInverted"/>
	<property name="OnlySimpleRotations" value="true"/>
	<property name="IsTerrainDecoration" value="true"/>
	<property name="HeatMapStrength" value="1"/>
	<property name="HeatMapTime" value="600"/>
	<property name="HeatMapFrequency" value="60"/>
	<property name="Stacknumber" value="1"/>
	<property class="Workstation">
		<property name="Modules" value="output,input"/>
		</property>
	<property name="WorkstationIcon" value="ui_game_symbol_workbench"/>
	<property name="OpenSound" value="open_workbench"/>
	<property name="CloseSound" value="close_workbench"/>
	<property class="RepairItems">
		<property name="resourceForgedIron" value="25"/>
		<property name="resourceMechanicalParts" value="20"/>
		<property name="resourceWood" value="50"/>
	</property>
	<drop event="Harvest" name="resourceScrapIron" count="200" tag="allHarvest"/>
	<drop event="Harvest" name="resourceWood" count="20" tag="allHarvest"/>
	<drop event="Harvest" name="terrStone" count="0" tool_category="Disassemble"/>
	<drop event="Harvest" name="resourceForgedIron" count="10" tag="salvageHarvest"/>
	<drop event="Harvest" name="resourceMechanicalParts" count="8" tag="salvageHarvest"/>
	<drop event="Harvest" name="resourceWood" count="20" tag="salvageHarvest"/>
	<drop event="Destroy" count="0"/>
	<drop event="Fall" name="terrDestroyedWoodDebris" count="1" prob="0.75" stick_chance="1"/>
	<property name="TakeDelay" value="15"/>
	<property name="DescriptionKey" value="workbenchDesc"/>
	<property name="EconomicValue" value="2000"/>
	<property name="Group" value="Building,advBuilding"/>
	<property name="FilterTags" value="fdecor,fother,ffurniture"/>
	<property name="SortOrder1" value="70i0"/>
</block>
		</append>		
</Valmar>