<Valmar>
<append xpath="/items">
<!-- Workstation Tools -->
    <item name="sewingKit">
			<property name="DescriptionKey" value="sewingKitDesc"/>
			<property name="HoldType" value="45"/>
			<property name="Tags" value="junk"/>
			<property name="Meshfile" value="#Other/Items?Misc/sackPrefab.prefab"/>
			<property name="DropMeshfile" value="#Other/Items?Misc/sack_droppedPrefab.prefab"/>
			<property name="Material" value="Mcloth"/>
			<property name="Weight" value="10"/>
			<property name="Stacknumber" value="64"/> <!-- STK resource -->
			<property name="EconomicValue" value="16"/>
			<property name="Group" value="Tools/Resources"/>
			</item>
    <item name="tanningRack">
        <property name="DescriptionKey" value="tanningRackDesc"/>
        <property name="Meshfile" value="Items/Misc/sackPrefab" />
        <property name="DropMeshfile" value="Items/Misc/sack_droppedPrefab" />
        <property name="Material" value="Mleather" />
		<property name="Weight" value="10"/>
        <property name="HoldType" value="3" />
        <property name="Stacknumber" value="64" />
        <property class="Preview">
            <property name="Zoom" value="28" />
            <property name="Pos" value="0,-0.05" />
            <property name="Rot" value="90,45,0" />
        </property>
    </item>
    <item name="weldingTorch">
        <property name="DescriptionKey" value="weldingTorchDesc"/>
        <property name="Meshfile" value="Items/Misc/sackPrefab" />
        <property name="DropMeshfile" value="Items/Misc/sack_droppedPrefab" />
        <property name="Material" value="Msteel" />
		<property name="Weight" value="10"/>
        <property name="HoldType" value="3" />
        <property name="Stacknumber" value="64" />
        <property class="Preview">
            <property name="Zoom" value="28" />
            <property name="Pos" value="0,-0.05" />
            <property name="Rot" value="90,45,0" />
        </property>
    </item>
	
	<item name="ArmoryWorkbenchSchematic">
	<property name="Extends" value="schematicNoQualityMaster"/>
	 <property name="DescriptionKey" value="ArmoryWorkbenchSchematicDesc"/>
	<property name="CreativeMode" value="Player"/>
	<property name="CustomIcon" value="ArmoryWorkBench"/>
	<property name="Unlocks" value="ArmoryWorkBench"/>
	<effect_group tiered="false">
		<triggered_effect trigger="onSelfPrimaryActionEnd" action="ModifyCVar" cvar="ArmoryWorkbenchSchematic" operation="set" value="1"/>
		<triggered_effect trigger="onSelfPrimaryActionEnd" action="GiveExp" exp="50"/>
	</effect_group>
</item>
	</append>
</Valmar>