<Valmar>

<set xpath="/recipes/recipe[contains(@name,'armor') and @craft_area='workbench']/@craft_area">ArmoryWorkBench</set>

<set xpath="/recipes/recipe[contains(@name,'modArmor') and @craft_area='workbench']/@craft_area">ArmoryWorkBench</set>

<setattribute xpath="/recipes/recipe[contains(@name,'apparel')]" name="craft_area">ArmoryWorkBench</setattribute>

 
 <setattribute xpath="/recipes/recipe[@name='armorClothGloves']" name="craft_area">ArmoryWorkBench</setattribute>
 
 <setattribute xpath="/recipes/recipe[@name='armorClothHat']" name="craft_area">ArmoryWorkBench</setattribute>
 
 <setattribute xpath="/recipes/recipe[@name='armorClothJacket']" name="craft_area">ArmoryWorkBench</setattribute>
 
 <setattribute xpath="/recipes/recipe[@name='armorClothPants']" name="craft_area">ArmoryWorkBench</setattribute>
 
 <setattribute xpath="/recipes/recipe[@name='armorScrapBoots']" name="craft_area">ArmoryWorkBench</setattribute>
 
 <setattribute xpath="/recipes/recipe[@name='armorScrapChest']" name="craft_area">ArmoryWorkBench</setattribute>
 
 <setattribute xpath="/recipes/recipe[@name='armorScrapGloves']" name="craft_area">ArmoryWorkBench</setattribute>
 
 <setattribute xpath="/recipes/recipe[@name='armorScrapHelmet']" name="craft_area">ArmoryWorkBench</setattribute>
 
 <setattribute xpath="/recipes/recipe[@name='armorScrapLegs']" name="craft_area">ArmoryWorkBench</setattribute>
 
 <setattribute xpath="/recipes/recipe[@name='apparelBallCap']" name="craft_area">ArmoryWorkBench</setattribute>
 
 <setattribute xpath="/recipes/recipe[@name='apparelGhillieSuitHood']" name="craft_area">ArmoryWorkBench</setattribute>
 
 <setattribute xpath="/recipes/recipe[@name='apparelGhillieSuitJacket']" name="craft_area">ArmoryWorkBench</setattribute>
 
 <setattribute xpath="/recipes/recipe[@name='apparelGhillieSuitPants']" name="craft_area">ArmoryWorkBench</setattribute>

 <setattribute xpath="/recipes/recipe[@name='modClothingStoragePocket']" name="craft_area">ArmoryWorkBench</setattribute>
 
 <setattribute xpath="/recipes/recipe[@name='modClothingCargoStoragePocket']" name="craft_area">ArmoryWorkBench</setattribute>
  <!--
 <setattribute xpath="/recipes/recipe[@name='modArmorDoubleStoragePocket' and not @craft_area]" name="craft_area">ArmoryWorkBench</setattribute>
 
  <setattribute xpath="/recipes/recipe[@name='modArmorHelmetLight' and not @craft_area]" name="craft_area">ArmoryWorkBench</setattribute>
 
 <setattribute xpath="/recipes/recipe[@name='modArmorImpactBracing' and not @craft_area]" name="craft_area">ArmoryWorkBench</setattribute>
 
  <setattribute xpath="/recipes/recipe[@name='modArmorInsulatedLiner' and not @craft_area]" name="craft_area">ArmoryWorkBench</setattribute>
 
 <setattribute xpath="/recipes/recipe[@name='modArmorMuffledConnectors' and not @craft_area]" name="craft_area">ArmoryWorkBench</setattribute>
  
 <setattribute xpath="/recipes/recipe[@name='modArmorPlatingBasic' and not @craft_area]" name="craft_area">ArmoryWorkBench</setattribute>
 
  <setattribute xpath="/recipes/recipe[@name='modArmorPlatingReinforced' and not @craft_area]" name="craft_area">ArmoryWorkBench</setattribute>
 
  <setattribute xpath="/recipes/recipe[@name='modArmorStoragePocket' and not @craft_area]" name="craft_area">ArmoryWorkBench</setattribute>
  
 <setattribute xpath="/recipes/recipe[@name='modArmorTripleStoragePocket' and not @craft_area]" name="craft_area">ArmoryWorkBench</setattribute>
 
  <setattribute xpath="/recipes/recipe[@name='modArmorWaterPurifier' and not @craft_area]" name="craft_area">ArmoryWorkBench</setattribute>
 
 <setattribute xpath="/recipes/recipe[@name='modArmorImprovedFittings' and not @craft_area]" name="craft_area">ArmoryWorkBench</setattribute>

 <setattribute xpath="/recipes/recipe[@name='modFuelTankLarge' and not @craft_area]" name="craft_area">ArmoryWorkBench</setattribute>
 
 <setattribute xpath="/recipes/recipe[@name='modFuelTankSmall' and not @craft_area]" name="craft_area">ArmoryWorkBench</setattribute>

 <setattribute xpath="/recipes/recipe[@name='modArmorCustomizedFittings' and not @craft_area]" name="craft_area">ArmoryWorkBench</setattribute>

 <setattribute xpath="/recipes/recipe[@name='modArmorCoolingMesh' and not @craft_area]" name="craft_area">ArmoryWorkBench</setattribute>
 
 <setattribute xpath="/recipes/recipe[@name='modArmorBandolier' and not @craft_area]" name="craft_area">ArmoryWorkBench</setattribute>

<setattribute xpath="/recipes/recipe[@name='modArmorAdvancedMuffledConnectors' and not @craft_area]" name="craft_area">ArmoryWorkBench</setattribute>
-->

 <append xpath="/recipes">
    <recipe name="ArmoryWorkBench" count="1" scrapable="False" >
        <ingredient name="resourceForgedIron" count="35"/>
	<ingredient name="resourceMechanicalParts" count="25"/>
	<ingredient name="resourceCloth" count="10"/>
	<ingredient name="resourceMetalPipe" count="5"/>
	<ingredient name="resourceWood" count="50"/>
		
		
    </recipe>
    <recipe name="tanningRack" count="1" scrapable="False" >
        <ingredient name="resourceWood" count="10"/>
        <ingredient name="resourceYuccaFibers" count="10"/>
        <ingredient name="resourceLeather" count="1"/>
    </recipe>
    <recipe name="weldingTorch" count="1" scrapable="False" >
        <ingredient name="resourceForgedSteel" count="4" />
        <ingredient name="resourceMetalPipe" count="2" />
    </recipe>
	 <recipe name="sewingKit" count="1" scrapable="False" >
        <ingredient name="resourceCloth" count="5" />
        <ingredient name="resourceScrapLead" count="1" />
    </recipe>
	
	<recipe name="apparelPlantFiberGloves" count="1">
	<ingredient name="resourceYuccaFibers" count="5"/>
</recipe>

<recipe name="apparelPlantFiberHat" count="1">
	<ingredient name="resourceYuccaFibers" count="5"/>
</recipe>

<recipe name="apparelPlantFiberHood" count="1">
	<ingredient name="resourceYuccaFibers" count="5"/>
</recipe>

<recipe name="apparelPlantFiberPants" count="1">
	<ingredient name="resourceYuccaFibers" count="5"/>
</recipe>

<recipe name="apparelPlantFiberShirt" count="1">
	<ingredient name="resourceYuccaFibers" count="5"/>
</recipe>

<recipe name="apparelPlantFiberShoes" count="1">
	<ingredient name="resourceYuccaFibers" count="5"/>
</recipe>
</append>

</Valmar>