<Valmar>
<append xpath="/blocks">
    <!-- Expanded Player Storage -->
    <block name="cntEPSMunitionsBox">
        <property name="Extends" value="cntMunitionsBox" />
		<property name="DescriptionKey" value="cntEPSMunitionsBoxDesc"/>
        <property name="Class" value="SecureLoot" />
        <property name="CustomIcon" value="cntMunitionsBox" />
        <property name="LootList" value="418" />
    </block>
    <block name="cntEPSLockers">
        <property name="Extends" value="cntLockersTallClosed" />
		<property name="DescriptionKey" value="cntEPSLockersDesc"/>
        <property name="Class" value="SecureLoot" />
        <property name="CustomIcon" value="cntLockersTallClosed" />
        <property name="Place" value="TowardsPlacerInverted" />
        <property name="LootList" value="421" />
        <drop event="Destroy" count="0" />
    </block>
    <block name="cntEPSFileCabinet">
        <property name="Extends" value="cntFileCabinetTallClosed" />
		<property name="DescriptionKey" value="cntEPSFileCabinetDesc"/>
        <property name="Class" value="SecureLoot" />
        <property name="CustomIcon" value="cntFileCabinetTallClosed" />
        <property name="LootList" value="420" />
        <drop event="Destroy" count="0" />
    </block>
    <block name="cntEPSCardboardBox">
        <property name="Extends" value="cntCardboardBox" />
        <property name="DescriptionKey" value="cntEPSCardboardBoxDesc"/>
        <property name="Class" value="SecureLoot" />
        <property name="CustomIcon" value="cntGarageStorage" />
        <property name="LootList" value="419" />
        <property class="RepairItems">
            <property name="ductTape" value="3" />
        </property>
        <drop event="Destroy" count="0" />
    </block>
    <block name="cntEPSFridge">
        <property name="Extends" value="cntFridgeStainlessSteel" />
		<property name="DescriptionKey" value="cntEPSFridgeDesc"/>
        <property name="CustomIcon" value="cntFridgeStainlessSteel" />
        <property name="Class" value="SecureLoot" />
        <property name="LootList" value="423" />
        <drop event="Destroy" count="0" />
    </block>
    <block name="cntEPSRetroFridge">
        <property name="Extends" value="cntRetroFridgeVer1Closed" />
		<property name="DescriptionKey" value="cntEPSRetroFridgeDesc"/>
        <property name="CustomIcon" value="cntRetroFridgeVer1Closed" />
        <property name="Class" value="SecureLoot" />
        <property name="LootList" value="419" />
        <property name="Place" value="TowardsPlacerInverted" />
        <drop event="Destroy" count="0" />
    </block>
    <block name="cntEPSPillCase">
        <property name="Extends" value="cntPillCase" />
		<property name="DescriptionKey" value="cntEPSPillCaseDesc"/>
        <property name="CustomIcon" value="cntPillCase" />
        <property name="Class" value="SecureLoot" />
        <property name="LootList" value="417" />
        <drop event="Destroy" count="0" />
    </block>
    <block name="cntEPSBeerCooler">
        <property name="Extends" value="cntBeerCooler" />
		<property name="DescriptionKey" value="cntEPSBeerCoolerDesc"/>
        <property name="CustomIcon" value="cntBeerCooler" />
        <property name="Class" value="SecureLoot" />
        <property name="Place" value="TowardsPlacerInverted" />
        <property name="LootList" value="423" />
        <drop event="Destroy" count="0" />
    </block>
    <block name="cntEPSMedicineCabinet">
        <property name="Extends" value="cntMedicineCabinetClosed" />
		<property name="DescriptionKey" value="cntEPSMedicineCabinetDesc"/>
        <property name="CustomIcon" value="cntMedicineCabinetClosed" />
        <property name="Class" value="SecureLoot" />
        <property name="LootList" value="420" />
        <drop event="Destroy" name="0" count="1" />
    </block>
    <block name="cntEPSBookcase">
        <property name="Extends" value="cntBookcaseFull" />
		<property name="DescriptionKey" value="cntEPSBookcaseDesc"/>
        <property name="Class" value="SecureLoot" />
        <property name="CustomIcon" value="cntBookcaseFull" />
        <property name="Place" value="TowardsPlacerInverted" />
        <property name="LootList" value="422" />
        <drop event="Destroy" count="0" />
    </block>
    <block name="cntEPSWallSafe">
        <property name="Extends" value="cntWallSafe" />
		<property name="DescriptionKey" value="cntEPSWallSafeDesc"/>
        <property name="Class" value="SecureLoot" />
        <property name="CustomIcon" value="cntWallSafe" />
        <property name="Place" value="TowardsPlacerInverted" />
        <property name="LootList" value="424" />
        <drop event="Destroy" count="0" />
    </block>
    <block name="cntEPSCoffin">
        <property name="Extends" value="cntCoffin" />
		<property name="DescriptionKey" value="cntEPSCoffinDesc"/>
        <property name="Class" value="SecureLoot" />
        <property name="CustomIcon" value="cntCoffin" />
        <property name="LootList" value="419" />
        <property name="Group" value="Decor/Miscellaneous" />
    </block>
    <block name="cntEPSGasPump">
    <property name="CustomIcon" value="cntGasPump" />
	<property name="DescriptionKey" value="cntEPSGasPumpDesc"/>
    <property name="Class" value="SecureLoot" />
    <property name="LootList" value="418" />
    <property name="Material" value="Mmetal_thin" />
    <property name="Shape" value="Ext3dModel" />
    <property name="Mesh" value="models" />
    <property name="Model" value="Industrial/gas_pump" param1="main_mesh" />
    <drop event="Destroy" count="0" />
  </block>
</append>	
</Valmar>