<Valmar>
<append xpath="/recipes">
<!-- Expanded Player Storage Mod -->   
    <recipe name="cntEPSMunitionsBox" count="1" scrapable="False" >
        <ingredient name="resourceForgedIron" count="6" />
    </recipe>
    <recipe name="cntEPSCardboardBox" count="1" scrapable="False" >
        <ingredient name="resourcePaper" count="16" />
        <ingredient name="resourceDuctTape" count="1" />
    </recipe>
    <recipe name="cntEPSFileCabinet" count="1" scrapable="False" >
        <ingredient name="resourceForgedIron" count="10" />
    </recipe>
    <recipe name="cntEPSLockers" count="1" scrapable="False" >
        <ingredient name="resourceForgedIron" count="12" />
    </recipe>
    <recipe name="cntEPSFridge" count="1" scrapable="False" >
        <ingredient name="resourceForgedIron" count="15" />
        <ingredient name="resourceMetalPipe" count="3" />
        <ingredient name="toolCookingGrill" count="3" />
    </recipe>
    <recipe name="cntEPSRetroFridge" count="1" scrapable="False" >
        <ingredient name="resourceForgedIron" count="10" />
        <ingredient name="resourceMetalPipe" count="1" />
        <ingredient name="toolCookingGrill" count="1" />
    </recipe>
    <recipe name="cntEPSBookcase" count="1" scrapable="False" >
  <ingredient name="resourceWood" count="10"  />
    </recipe>
    <recipe name="cntEPSMedicineCabinet" count="1" scrapable="False" >
  <ingredient name="resourceWood" count="8"  />
       </recipe>
    <recipe name="cntEPSPillCase" count="1" scrapable="False" >
  <ingredient name="resourceWood" count="8"  />
</recipe>
    <recipe name="cntEPSBeerCooler" count="1" scrapable="False" >
  <ingredient name="resourceWood" count="8"  />
</recipe>
    <recipe name="cntEPSWallSafe" count="1" scrapable="False" >
    <ingredient name="resourceForgedIron" count="10"/>
    <ingredient name="resourceSpring" count="2"/>
    </recipe>
    <recipe name="cntEPSCoffin" count="1" scrapable="False" >
  <ingredient name="resourceWood" count="8"  />
    </recipe>
    <recipe name="cntEPSGasPump" count="1" scrapable="False" >
        <ingredient name="resourceForgedIron" count="15" />
        <ingredient name="resourceMetalPipe" count="5" />
        </recipe>
</append>
</Valmar>