<Valmar>	
	<append xpath="/blocks">
	<block name="dyeStation">
        <property name="DescriptionKey" value="dyeStationDesc"/>
        <property name="Material" value="Mwood" />
        <property name="Shape" value="New" />
        <property name="Model" value="table" />
        <property name="Texture" value="169" />
        <drop event="Destroy" name="woodDebris" count="1" />
        <drop event="Fall" name="woodDebris" count="1" prob="1.0"  stick_chance=".75" />
        <property name="Class" value="Workstation" />
        <property class="Workstation">
            <property name="Modules" value="output,input"/>
        </property>
        <property name="Group" value="Basics" />
        <property class="RepairItems">
            <property name="wood" value="10" />
        </property>
    </block>
		</append>		
</Valmar>