<stallionsden>
<append xpath="/lootcontainers/lootgroup[@name='junk']">	
		<item name="sprayPaint" prob="0.05" />
	<item name="assortedDyes" prob="0.05" />
</append>
<append xpath="/lootcontainers/lootgroup[@name='cupboard']">	
		<item name="sprayPaint" prob="0.05" />
	<item name="assortedDyes" prob="0.05" />
</append>
<append xpath="/lootcontainers/lootgroup[@name='backpacks/survival']">	
		<item name="sprayPaint" prob="0.05" />
	<item name="assortedDyes" prob="0.05" />
</append>
	<append xpath="/lootcontainers/lootgroup[@name='dyes']">	
		<item name="sprayPaint" prob="0.05" />
		<item name="assortedDyes" prob="0.05" />
</append>

<append xpath="/lootcontainers/lootcontainer[@id='19']">	
		<item name="sprayPaint" prob="0.05" />
		<item name="assortedDyes" prob="0.05" />
</append>
<append xpath="/lootcontainers/lootcontainer[@id='22']">	
		<item name="sprayPaint" prob="0.05" />
		<item name="assortedDyes" prob="0.05" />
</append>
<append xpath="/lootcontainers/lootcontainer[@id='24']">	
		<item name="sprayPaint" prob="0.05" />
		<item name="assortedDyes" prob="0.05" />
</append>
</stallionsden>