<stallionsden>
<append xpath="/recipes">
 <!-- Dye Station -->
    <recipe name="dyeStation" count="1" scrapable="False" >
        <ingredient name="resourceWood" count="10"/>
        <ingredient name="resourceNail" count="10"/>
    </recipe>
<!-- LEATHER -->
    <recipe name="leatherHoodRed" count="1" scrapable="False" craft_area="dyeStation" >
        <ingredient name="assortedDyes" count="5"/>
        <ingredient name="armorLeatherHood" count="1"/>
    </recipe>
    <recipe name="leatherChestRed" count="1" scrapable="False" craft_area="dyeStation" >
        <ingredient name="assortedDyes" count="5"/>
        <ingredient name="armorLeatherChest" count="1"/>
    </recipe>
    <recipe name="leatherPantsRed" count="1" scrapable="False" craft_area="dyeStation" >
        <ingredient name="assortedDyes" count="5"/>
        <ingredient name="armorLeatherPants" count="1"/>
    </recipe>
    <recipe name="leatherBootsRed" count="1" scrapable="False" craft_area="dyeStation" >
        <ingredient name="assortedDyes" count="5"/>
        <ingredient name="armorLeatherBoots" count="1"/>
    </recipe>
    <recipe name="leatherGlovesRed" count="1" scrapable="False" craft_area="dyeStation" >
        <ingredient name="assortedDyes" count="5"/>
        <ingredient name="armorLeatherGloves" count="1"/>
    </recipe>
    <recipe name="leatherHoodBlue" count="1" scrapable="False" craft_area="dyeStation" >
        <ingredient name="assortedDyes" count="5"/>
        <ingredient name="armorLeatherHood" count="1"/>
    </recipe>
  <recipe name="leatherChestBlue" count="1" scrapable="False" craft_area="dyeStation" >
        <ingredient name="assortedDyes" count="5"/>
        <ingredient name="armorLeatherChest" count="1"/>
    </recipe>
    <recipe name="leatherPantsBlue" count="1" scrapable="False" craft_area="dyeStation" >
        <ingredient name="assortedDyes" count="5"/>
        <ingredient name="armorLeatherPants" count="1"/>
    </recipe>
    <recipe name="leatherBootsBlue" count="1" scrapable="False" craft_area="dyeStation" >
        <ingredient name="assortedDyes" count="5"/>
        <ingredient name="armorLeatherBoots" count="1"/>
    </recipe>
    <recipe name="leatherGlovesBlue" count="1" scrapable="False" craft_area="dyeStation" >
        <ingredient name="assortedDyes" count="5"/>
        <ingredient name="armorLeatherGloves" count="1"/>
    </recipe>
    <recipe name="leatherHoodGreen" count="1" scrapable="False" craft_area="dyeStation" >
        <ingredient name="assortedDyes" count="5"/>
        <ingredient name="armorLeatherHood" count="1"/>
    </recipe>
    <recipe name="leatherChestGreen" count="1" scrapable="False" craft_area="dyeStation" >
        <ingredient name="assortedDyes" count="5"/>
        <ingredient name="armorLeatherChest" count="1"/>
    </recipe>
    <recipe name="leatherPantsGreen" count="1" scrapable="False" craft_area="dyeStation" >
        <ingredient name="assortedDyes" count="5"/>
        <ingredient name="armorLeatherPants" count="1"/>
    </recipe>
    <recipe name="leatherBootsGreen" count="1" scrapable="False" craft_area="dyeStation" >
        <ingredient name="assortedDyes" count="5"/>
        <ingredient name="armorLeatherBoots" count="1"/>
    </recipe>
    <recipe name="leatherGlovesGreen" count="1" scrapable="False" craft_area="dyeStation" >
        <ingredient name="assortedDyes" count="5"/>
        <ingredient name="armorLeatherGloves" count="1"/>
    </recipe>
    <recipe name="leatherHoodPurple" count="1" scrapable="False" craft_area="dyeStation" >
        <ingredient name="assortedDyes" count="5"/>
        <ingredient name="armorLeatherHood" count="1"/>
    </recipe>
  <recipe name="leatherChestPurple" count="1" scrapable="False" craft_area="dyeStation" >
        <ingredient name="assortedDyes" count="5"/>
        <ingredient name="armorLeatherChest" count="1"/>
    </recipe>
    <recipe name="leatherPantsPurple" count="1" scrapable="False" craft_area="dyeStation" >
        <ingredient name="assortedDyes" count="5"/>
        <ingredient name="armorLeatherPants" count="1"/>
    </recipe>
    <recipe name="leatherBootsPurple" count="1" scrapable="False" craft_area="dyeStation" >
        <ingredient name="assortedDyes" count="5"/>
        <ingredient name="armorLeatherBoots" count="1"/>
    </recipe>
    <recipe name="leatherGlovesPurple" count="1" scrapable="False" craft_area="dyeStation" >
        <ingredient name="assortedDyes" count="5"/>
        <ingredient name="armorLeatherGloves" count="1"/>
    </recipe>
    <recipe name="leatherHoodYellow" count="1" scrapable="False" craft_area="dyeStation" >
        <ingredient name="assortedDyes" count="5"/>
        <ingredient name="armorLeatherHood" count="1"/>
    </recipe>
    <recipe name="leatherChestYellow" count="1" scrapable="False" craft_area="dyeStation" >
        <ingredient name="assortedDyes" count="5"/>
        <ingredient name="armorLeatherChest" count="1"/>
    </recipe>
    <recipe name="leatherPantsYellow" count="1" scrapable="False" craft_area="dyeStation" >
        <ingredient name="assortedDyes" count="5"/>
        <ingredient name="armorLeatherPants" count="1"/>
    </recipe>
    <recipe name="leatherBootsYellow" count="1" scrapable="False" craft_area="dyeStation" >
        <ingredient name="assortedDyes" count="5"/>
        <ingredient name="armorLeatherBoots" count="1"/>
    </recipe>
    <recipe name="leatherGlovesYellow" count="1" scrapable="False" craft_area="dyeStation" >
        <ingredient name="assortedDyes" count="5"/>
        <ingredient name="armorLeatherGloves" count="1"/>
    </recipe>
    <recipe name="leatherHoodOrange" count="1" scrapable="False" craft_area="dyeStation" >
        <ingredient name="assortedDyes" count="5"/>
        <ingredient name="armorLeatherHood" count="1"/>
    </recipe>
   <recipe name="leatherChestOrange" count="1" scrapable="False" craft_area="dyeStation" >
        <ingredient name="assortedDyes" count="5"/>
        <ingredient name="armorLeatherChest" count="1"/>
    </recipe>
    <recipe name="leatherPantsOrange" count="1" scrapable="False" craft_area="dyeStation" >
        <ingredient name="assortedDyes" count="5"/>
        <ingredient name="armorLeatherPants" count="1"/>
    </recipe>
    <recipe name="leatherBootsOrange" count="1" scrapable="False" craft_area="dyeStation" >
        <ingredient name="assortedDyes" count="5"/>
        <ingredient name="armorLeatherBoots" count="1"/>
    </recipe>
    <recipe name="leatherGlovesOrange" count="1" scrapable="False" craft_area="dyeStation" >
        <ingredient name="assortedDyes" count="5"/>
        <ingredient name="armorLeatherGloves" count="1"/>
    </recipe>
    <recipe name="leatherHoodBlack" count="1" scrapable="False" craft_area="dyeStation" >
        <ingredient name="assortedDyes" count="5"/>
        <ingredient name="armorLeatherHood" count="1"/>
    </recipe>
    <recipe name="leatherChestBlack" count="1" scrapable="False" craft_area="dyeStation" >
        <ingredient name="assortedDyes" count="5"/>
        <ingredient name="armorLeatherChest" count="1"/>
    </recipe>
    <recipe name="leatherPantsBlack" count="1" scrapable="False" craft_area="dyeStation" >
        <ingredient name="assortedDyes" count="5"/>
        <ingredient name="armorLeatherPants" count="1"/>
    </recipe>
    <recipe name="leatherBootsBlack" count="1" scrapable="False" craft_area="dyeStation" >
        <ingredient name="assortedDyes" count="5"/>
        <ingredient name="armorLeatherBoots" count="1"/>
    </recipe>
    <recipe name="leatherGlovesBlack" count="1" scrapable="False" craft_area="dyeStation" >
        <ingredient name="assortedDyes" count="5"/>
        <ingredient name="armorLeatherGloves" count="1"/>
    </recipe>
<!-- LEATHER -->
<!-- IRON -->
    <recipe name="ironHelmetRed" count="1" scrapable="False" craft_area="dyeStation" >
        <ingredient name="sprayPaint" count="5"/>
        <ingredient name="armorIronHelmet" count="1"/>
    </recipe>
    <recipe name="ironChestArmorRed" count="1" scrapable="False" craft_area="dyeStation" >
        <ingredient name="sprayPaint" count="5"/>
        <ingredient name="armorIronChest" count="1"/>
    </recipe>
    <recipe name="ironLegArmorRed" count="1" scrapable="False" craft_area="dyeStation" >
        <ingredient name="sprayPaint" count="5"/>
        <ingredient name="armorIronLegs" count="1"/>
    </recipe>
    <recipe name="ironBootsRed" count="1" scrapable="False" craft_area="dyeStation" >
        <ingredient name="sprayPaint" count="5"/>
        <ingredient name="armorIronBoots" count="1"/>
    </recipe>
    <recipe name="ironGlovesRed" count="1" scrapable="False" craft_area="dyeStation" >
        <ingredient name="sprayPaint" count="5"/>
        <ingredient name="armorIronGloves" count="1"/>
    </recipe>
    <recipe name="ironHelmetBlue" count="1" scrapable="False" craft_area="dyeStation" >
        <ingredient name="sprayPaint" count="5"/>
        <ingredient name="armorIronHelmet" count="1"/>
    </recipe>
    <recipe name="ironChestArmorBlue" count="1" scrapable="False" craft_area="dyeStation" >
        <ingredient name="sprayPaint" count="5"/>
        <ingredient name="armorIronChest" count="1"/>
    </recipe>
    <recipe name="ironLegArmorBlue" count="1" scrapable="False" craft_area="dyeStation" >
        <ingredient name="sprayPaint" count="5"/>
        <ingredient name="armorIronLegs" count="1"/>
    </recipe>
    <recipe name="ironBootsBlue" count="1" scrapable="False" craft_area="dyeStation" >
        <ingredient name="sprayPaint" count="5"/>
        <ingredient name="armorIronBoots" count="1"/>
    </recipe>
    <recipe name="ironGlovesBlue" count="1" scrapable="False" craft_area="dyeStation" >
        <ingredient name="sprayPaint" count="5"/>
        <ingredient name="armorIronGloves" count="1"/>
    </recipe>
    <recipe name="ironHelmetGreen" count="1" scrapable="False" craft_area="dyeStation" >
        <ingredient name="sprayPaint" count="5"/>
        <ingredient name="armorIronHelmet" count="1"/>
    </recipe>
    <recipe name="ironChestArmorGreen" count="1" scrapable="False" craft_area="dyeStation" >
        <ingredient name="sprayPaint" count="5"/>
        <ingredient name="armorIronChest" count="1"/>
    </recipe>
    <recipe name="ironLegArmorGreen" count="1" scrapable="False" craft_area="dyeStation" >
        <ingredient name="sprayPaint" count="5"/>
        <ingredient name="armorIronLegs" count="1"/>
    </recipe>
    <recipe name="ironBootsGreen" count="1" scrapable="False" craft_area="dyeStation" >
        <ingredient name="sprayPaint" count="5"/>
        <ingredient name="armorIronBoots" count="1"/>
    </recipe>
    <recipe name="ironGlovesGreen" count="1" scrapable="False" craft_area="dyeStation" >
        <ingredient name="sprayPaint" count="5"/>
        <ingredient name="armorIronGloves" count="1"/>
    </recipe>
    <recipe name="ironHelmetPurple" count="1" scrapable="False" craft_area="dyeStation" >
        <ingredient name="sprayPaint" count="5"/>
        <ingredient name="armorIronHelmet" count="1"/>
    </recipe>
    <recipe name="ironChestArmorPurple" count="1" scrapable="False" craft_area="dyeStation" >
        <ingredient name="sprayPaint" count="5"/>
        <ingredient name="armorIronChest" count="1"/>
    </recipe>
    <recipe name="ironLegArmorPurple" count="1" scrapable="False" craft_area="dyeStation" >
        <ingredient name="sprayPaint" count="5"/>
        <ingredient name="armorIronLegs" count="1"/>
    </recipe>
    <recipe name="ironBootsPurple" count="1" scrapable="False" craft_area="dyeStation" >
        <ingredient name="sprayPaint" count="5"/>
        <ingredient name="armorIronBoots" count="1"/>
    </recipe>
    <recipe name="ironGlovesPurple" count="1" scrapable="False" craft_area="dyeStation" >
        <ingredient name="sprayPaint" count="5"/>
        <ingredient name="armorIronGloves" count="1"/>
    </recipe>
    <recipe name="ironHelmetLime" count="1" scrapable="False" craft_area="dyeStation" >
        <ingredient name="sprayPaint" count="5"/>
        <ingredient name="armorIronHelmet" count="1"/>
    </recipe>
    <recipe name="ironChestArmorLime" count="1" scrapable="False" craft_area="dyeStation" >
        <ingredient name="sprayPaint" count="5"/>
        <ingredient name="armorIronChest" count="1"/>
    </recipe>
    <recipe name="ironLegArmorLime" count="1" scrapable="False" craft_area="dyeStation" >
        <ingredient name="sprayPaint" count="5"/>
        <ingredient name="armorIronLegs" count="1"/>
    </recipe>
    <recipe name="ironBootsLime" count="1" scrapable="False" craft_area="dyeStation" >
        <ingredient name="sprayPaint" count="5"/>
        <ingredient name="armorIronBoots" count="1"/>
    </recipe>
    <recipe name="ironGlovesLime" count="1" scrapable="False" craft_area="dyeStation" >
        <ingredient name="sprayPaint" count="5"/>
        <ingredient name="armorIronGloves" count="1"/>
    </recipe>
    <recipe name="ironHelmetOrange" count="1" scrapable="False" craft_area="dyeStation" >
        <ingredient name="sprayPaint" count="5"/>
        <ingredient name="armorIronHelmet" count="1"/>
    </recipe>
    <recipe name="ironChestArmorOrange" count="1" scrapable="False" craft_area="dyeStation" >
        <ingredient name="sprayPaint" count="5"/>
        <ingredient name="armorIronChest" count="1"/>
    </recipe>
    <recipe name="ironLegArmorOrange" count="1" scrapable="False" craft_area="dyeStation" >
        <ingredient name="sprayPaint" count="5"/>
        <ingredient name="armorIronLegs" count="1"/>
    </recipe>
    <recipe name="ironBootsOrange" count="1" scrapable="False" craft_area="dyeStation" >
        <ingredient name="sprayPaint" count="5"/>
        <ingredient name="armorIronBoots" count="1"/>
    </recipe>
    <recipe name="ironGlovesOrange" count="1" scrapable="False" craft_area="dyeStation" >
        <ingredient name="sprayPaint" count="5"/>
        <ingredient name="armorIronGloves" count="1"/>
    </recipe>
    <recipe name="ironHelmetBlack" count="1" scrapable="False" craft_area="dyeStation" >
        <ingredient name="sprayPaint" count="5"/>
        <ingredient name="armorIronHelmet" count="1"/>
    </recipe>
    <recipe name="ironChestArmorBlack" count="1" scrapable="False" craft_area="dyeStation" >
        <ingredient name="sprayPaint" count="5"/>
        <ingredient name="armorIronChest" count="1"/>
    </recipe>
    <recipe name="ironLegArmorBlack" count="1" scrapable="False" craft_area="dyeStation" >
        <ingredient name="sprayPaint" count="5"/>
        <ingredient name="armorIronLegs" count="1"/>
    </recipe>
    <recipe name="ironBootsBlack" count="1" scrapable="False" craft_area="dyeStation" >
        <ingredient name="sprayPaint" count="5"/>
        <ingredient name="armorIronBoots" count="1"/>
    </recipe>
    <recipe name="ironGlovesBlack" count="1" scrapable="False" craft_area="dyeStation" >
        <ingredient name="sprayPaint" count="5"/>
        <ingredient name="armorIronGloves" count="1"/>
    </recipe>
<!-- IRON -->
<!-- SCRAP -->
    <recipe name="scrapHelmetRed" count="1" scrapable="False" craft_area="dyeStation" >
        <ingredient name="sprayPaint" count="5"/>
        <ingredient name="armorScrapHelmet" count="1"/>
    </recipe>
    <recipe name="scrapChestArmorRed" count="1" scrapable="False" craft_area="dyeStation" >
        <ingredient name="sprayPaint" count="5"/>
        <ingredient name="armorScrapChest" count="1"/>
    </recipe>
    <recipe name="scrapLegArmorRed" count="1" scrapable="False" craft_area="dyeStation" >
        <ingredient name="sprayPaint" count="5"/>
        <ingredient name="armorScrapLegs" count="1"/>
    </recipe>
    <recipe name="scrapBootsRed" count="1" scrapable="False" craft_area="dyeStation" >
        <ingredient name="sprayPaint" count="5"/>
        <ingredient name="armorScrapBoots" count="1"/>
    </recipe>
    <recipe name="scrapGlovesRed" count="1" scrapable="False" craft_area="dyeStation" >
        <ingredient name="sprayPaint" count="5"/>
        <ingredient name="armorScrapGloves" count="1"/>
    </recipe>
    <recipe name="scrapHelmetBlue" count="1" scrapable="False" craft_area="dyeStation" >
        <ingredient name="sprayPaint" count="5"/>
        <ingredient name="armorScrapHelmet" count="1"/>
    </recipe>
    <recipe name="scrapChestArmorBlue" count="1" scrapable="False" craft_area="dyeStation" >
        <ingredient name="sprayPaint" count="5"/>
        <ingredient name="armorScrapChest" count="1"/>
    </recipe>
    <recipe name="scrapLegArmorBlue" count="1" scrapable="False" craft_area="dyeStation" >
        <ingredient name="sprayPaint" count="5"/>
        <ingredient name="armorScrapLegs" count="1"/>
    </recipe>
    <recipe name="scrapBootsBlue" count="1" scrapable="False" craft_area="dyeStation" >
        <ingredient name="sprayPaint" count="5"/>
        <ingredient name="armorScrapBoots" count="1"/>
    </recipe>
    <recipe name="scrapGlovesBlue" count="1" scrapable="False" craft_area="dyeStation" >
        <ingredient name="sprayPaint" count="5"/>
        <ingredient name="armorScrapGloves" count="1"/>
    </recipe>
    <recipe name="scrapHelmetGreen" count="1" scrapable="False" craft_area="dyeStation" >
        <ingredient name="sprayPaint" count="5"/>
        <ingredient name="armorScrapHelmet" count="1"/>
    </recipe>
    <recipe name="scrapChestArmorGreen" count="1" scrapable="False" craft_area="dyeStation" >
        <ingredient name="sprayPaint" count="5"/>
        <ingredient name="armorScrapChest" count="1"/>
    </recipe>
    <recipe name="scrapLegArmorGreen" count="1" scrapable="False" craft_area="dyeStation" >
        <ingredient name="sprayPaint" count="5"/>
        <ingredient name="armorScrapLegs" count="1"/>
    </recipe>
    <recipe name="scrapBootsGreen" count="1" scrapable="False" craft_area="dyeStation" >
        <ingredient name="sprayPaint" count="5"/>
        <ingredient name="armorScrapBoots" count="1"/>
    </recipe>
    <recipe name="scrapGlovesGreen" count="1" scrapable="False" craft_area="dyeStation" >
        <ingredient name="sprayPaint" count="5"/>
        <ingredient name="armorScrapGloves" count="1"/>
    </recipe>
    <recipe name="scrapHelmetPurple" count="1" scrapable="False" craft_area="dyeStation" >
        <ingredient name="sprayPaint" count="5"/>
        <ingredient name="armorScrapHelmet" count="1"/>
    </recipe>
    <recipe name="scrapChestArmorPurple" count="1" scrapable="False" craft_area="dyeStation" >
        <ingredient name="sprayPaint" count="5"/>
        <ingredient name="armorScrapChest" count="1"/>
    </recipe>
    <recipe name="scrapLegArmorPurple" count="1" scrapable="False" craft_area="dyeStation" >
        <ingredient name="sprayPaint" count="5"/>
        <ingredient name="armorScrapLegs" count="1"/>
    </recipe>
    <recipe name="scrapBootsPurple" count="1" scrapable="False" craft_area="dyeStation" >
        <ingredient name="sprayPaint" count="5"/>
        <ingredient name="armorScrapBoots" count="1"/>
    </recipe>
    <recipe name="scrapGlovesPurple" count="1" scrapable="False" craft_area="dyeStation" >
        <ingredient name="sprayPaint" count="5"/>
        <ingredient name="armorScrapGloves" count="1"/>
    </recipe>
    <recipe name="scrapHelmetLime" count="1" scrapable="False" craft_area="dyeStation" >
        <ingredient name="sprayPaint" count="5"/>
        <ingredient name="armorScrapHelmet" count="1"/>
    </recipe>
    <recipe name="scrapChestArmorLime" count="1" scrapable="False" craft_area="dyeStation" >
        <ingredient name="sprayPaint" count="5"/>
        <ingredient name="armorScrapChest" count="1"/>
    </recipe>
    <recipe name="scrapLegArmorLime" count="1" scrapable="False" craft_area="dyeStation" >
        <ingredient name="sprayPaint" count="5"/>
        <ingredient name="armorScrapLegs" count="1"/>
    </recipe>
    <recipe name="scrapBootsLime" count="1" scrapable="False" craft_area="dyeStation" >
        <ingredient name="sprayPaint" count="5"/>
        <ingredient name="armorScrapBoots" count="1"/>
    </recipe>
    <recipe name="scrapGlovesLime" count="1" scrapable="False" craft_area="dyeStation" >
        <ingredient name="sprayPaint" count="5"/>
        <ingredient name="armorScrapGloves" count="1"/>
    </recipe>
    <recipe name="scrapHelmetOrange" count="1" scrapable="False" craft_area="dyeStation" >
        <ingredient name="sprayPaint" count="5"/>
        <ingredient name="armorScrapHelmet" count="1"/>
    </recipe>
    <recipe name="scrapChestArmorOrange" count="1" scrapable="False" craft_area="dyeStation" >
        <ingredient name="sprayPaint" count="5"/>
        <ingredient name="armorScrapChest" count="1"/>
    </recipe>
    <recipe name="scrapLegArmorOrange" count="1" scrapable="False" craft_area="dyeStation" >
        <ingredient name="sprayPaint" count="5"/>
        <ingredient name="armorScrapLegs" count="1"/>
    </recipe>
    <recipe name="scrapBootsOrange" count="1" scrapable="False" craft_area="dyeStation" >
        <ingredient name="sprayPaint" count="5"/>
        <ingredient name="armorScrapBoots" count="1"/>
    </recipe>
    <recipe name="scrapGlovesOrange" count="1" scrapable="False" craft_area="dyeStation" >
        <ingredient name="sprayPaint" count="5"/>
        <ingredient name="armorScrapGloves" count="1"/>
    </recipe>
    <recipe name="scrapHelmetBlack" count="1" scrapable="False" craft_area="dyeStation" >
        <ingredient name="sprayPaint" count="5"/>
        <ingredient name="armorScrapHelmet" count="1"/>
    </recipe>
    <recipe name="scrapChestArmorBlack" count="1" scrapable="False" craft_area="dyeStation" >
        <ingredient name="sprayPaint" count="5"/>
        <ingredient name="armorScrapChest" count="1"/>
    </recipe>
    <recipe name="scrapLegArmorBlack" count="1" scrapable="False" craft_area="dyeStation" >
        <ingredient name="sprayPaint" count="5"/>
        <ingredient name="armorScrapLegs" count="1"/>
    </recipe>
    <recipe name="scrapBootsBlack" count="1" scrapable="False" craft_area="dyeStation" >
        <ingredient name="sprayPaint" count="5"/>
        <ingredient name="armorScrapBoots" count="1"/>
    </recipe>
    <recipe name="scrapGlovesBlack" count="1" scrapable="False" craft_area="dyeStation" >
        <ingredient name="sprayPaint" count="5"/>
        <ingredient name="armorScrapGloves" count="1"/>
    </recipe>
<!-- SCRAP -->
<!-- CLOTH -->
    <recipe name="clothHatRed" count="1" scrapable="False" craft_area="dyeStation" >
        <ingredient name="assortedDyes" count="3"/>
        <ingredient name="armorClothHat" count="1"/>
    </recipe>
    <recipe name="clothJacketRed" count="1" scrapable="False" craft_area="dyeStation" >
        <ingredient name="assortedDyes" count="3"/>
        <ingredient name="armorClothJacket" count="1"/>
    </recipe>
    <recipe name="clothPantsRed" count="1" scrapable="False" craft_area="dyeStation" >
        <ingredient name="assortedDyes" count="3"/>
        <ingredient name="armorClothPants" count="1"/>
    </recipe>
    <recipe name="clothBootsRed" count="1" scrapable="False" craft_area="dyeStation" >
        <ingredient name="assortedDyes" count="3"/>
        <ingredient name="armorClothBoots" count="1"/>
    </recipe>
    <recipe name="clothGlovesRed" count="1" scrapable="False" craft_area="dyeStation" >
        <ingredient name="assortedDyes" count="3"/>
        <ingredient name="armorClothGloves" count="1"/>
    </recipe>
    <recipe name="clothHatBlue" count="1" scrapable="False" craft_area="dyeStation" >
        <ingredient name="assortedDyes" count="3"/>
        <ingredient name="armorClothHat" count="1"/>
    </recipe>
    <recipe name="clothJacketBlue" count="1" scrapable="False" craft_area="dyeStation" >
        <ingredient name="assortedDyes" count="3"/>
        <ingredient name="armorClothJacket" count="1"/>
    </recipe>
    <recipe name="clothPantsBlue" count="1" scrapable="False" craft_area="dyeStation" >
        <ingredient name="assortedDyes" count="3"/>
        <ingredient name="armorClothPants" count="1"/>
    </recipe>
    <recipe name="clothBootsBlue" count="1" scrapable="False" craft_area="dyeStation" >
        <ingredient name="assortedDyes" count="3"/>
        <ingredient name="armorClothBoots" count="1"/>
    </recipe>
    <recipe name="clothGlovesBlue" count="1" scrapable="False" craft_area="dyeStation" >
        <ingredient name="assortedDyes" count="3"/>
        <ingredient name="armorClothGloves" count="1"/>
    </recipe>
    <recipe name="clothHatGreen" count="1" scrapable="False" craft_area="dyeStation" >
        <ingredient name="assortedDyes" count="3"/>
        <ingredient name="armorClothHat" count="1"/>
    </recipe>
    <recipe name="clothJacketGreen" count="1" scrapable="False" craft_area="dyeStation" >
        <ingredient name="assortedDyes" count="3"/>
        <ingredient name="armorClothJacket" count="1"/>
    </recipe>
    <recipe name="clothPantsGreen" count="1" scrapable="False" craft_area="dyeStation" >
        <ingredient name="assortedDyes" count="3"/>
        <ingredient name="armorClothPants" count="1"/>
    </recipe>
    <recipe name="clothBootsGreen" count="1" scrapable="False" craft_area="dyeStation" >
        <ingredient name="assortedDyes" count="3"/>
        <ingredient name="armorClothBoots" count="1"/>
    </recipe>
    <recipe name="clothGlovesGreen" count="1" scrapable="False" craft_area="dyeStation" >
        <ingredient name="assortedDyes" count="3"/>
        <ingredient name="armorClothGloves" count="1"/>
    </recipe>
    <recipe name="clothHatPurple" count="1" scrapable="False" craft_area="dyeStation" >
        <ingredient name="assortedDyes" count="3"/>
        <ingredient name="armorClothHat" count="1"/>
    </recipe>
    <recipe name="clothJacketPurple" count="1" scrapable="False" craft_area="dyeStation" >
        <ingredient name="assortedDyes" count="3"/>
        <ingredient name="armorClothJacket" count="1"/>
    </recipe>
    <recipe name="clothPantsPurple" count="1" scrapable="False" craft_area="dyeStation" >
        <ingredient name="assortedDyes" count="3"/>
        <ingredient name="armorClothPants" count="1"/>
    </recipe>
    <recipe name="clothBootsPurple" count="1" scrapable="False" craft_area="dyeStation" >
        <ingredient name="assortedDyes" count="3"/>
        <ingredient name="armorClothBoots" count="1"/>
    </recipe>
    <recipe name="clothGlovesPurple" count="1" scrapable="False" craft_area="dyeStation" >
        <ingredient name="assortedDyes" count="3"/>
        <ingredient name="armorClothGloves" count="1"/>
    </recipe>
    <recipe name="clothHatLime" count="1" scrapable="False" craft_area="dyeStation" >
        <ingredient name="assortedDyes" count="3"/>
        <ingredient name="armorClothHat" count="1"/>
    </recipe>
    <recipe name="clothJacketLime" count="1" scrapable="False" craft_area="dyeStation" >
        <ingredient name="assortedDyes" count="3"/>
        <ingredient name="armorClothJacket" count="1"/>
    </recipe>
    <recipe name="clothPantsLime" count="1" scrapable="False" craft_area="dyeStation" >
        <ingredient name="assortedDyes" count="3"/>
        <ingredient name="armorClothPants" count="1"/>
    </recipe>
    <recipe name="clothBootsLime" count="1" scrapable="False" craft_area="dyeStation" >
        <ingredient name="assortedDyes" count="3"/>
        <ingredient name="armorClothBoots" count="1"/>
    </recipe>
    <recipe name="clothGlovesLime" count="1" scrapable="False" craft_area="dyeStation" >
        <ingredient name="assortedDyes" count="3"/>
        <ingredient name="armorClothGloves" count="1"/>
    </recipe>
    <recipe name="clothHatOrange" count="1" scrapable="False" craft_area="dyeStation" >
        <ingredient name="assortedDyes" count="3"/>
        <ingredient name="armorClothHat" count="1"/>
    </recipe>
    <recipe name="clothJacketOrange" count="1" scrapable="False" craft_area="dyeStation" >
        <ingredient name="assortedDyes" count="3"/>
        <ingredient name="armorClothJacket" count="1"/>
    </recipe>
    <recipe name="clothPantsOrange" count="1" scrapable="False" craft_area="dyeStation" >
        <ingredient name="assortedDyes" count="3"/>
        <ingredient name="armorClothPants" count="1"/>
    </recipe>
    <recipe name="clothBootsOrange" count="1" scrapable="False" craft_area="dyeStation" >
        <ingredient name="assortedDyes" count="3"/>
        <ingredient name="armorClothBoots" count="1"/>
    </recipe>
    <recipe name="clothGlovesOrange" count="1" scrapable="False" craft_area="dyeStation" >
        <ingredient name="assortedDyes" count="3"/>
        <ingredient name="armorClothGloves" count="1"/>
    </recipe>
    <recipe name="clothHatBlack" count="1" scrapable="False" craft_area="dyeStation" >
        <ingredient name="assortedDyes" count="3"/>
        <ingredient name="armorClothHat" count="1"/>
    </recipe>
    <recipe name="clothJacketBlack" count="1" scrapable="False" craft_area="dyeStation" >
        <ingredient name="assortedDyes" count="3"/>
        <ingredient name="armorClothJacket" count="1"/>
    </recipe>
    <recipe name="clothPantsBlack" count="1" scrapable="False" craft_area="dyeStation" >
        <ingredient name="assortedDyes" count="3"/>
        <ingredient name="armorClothPants" count="1"/>
    </recipe>
    <recipe name="clothBootsBlack" count="1" scrapable="False" craft_area="dyeStation" >
        <ingredient name="assortedDyes" count="3"/>
        <ingredient name="armorClothBoots" count="1"/>
    </recipe>
    <recipe name="clothGlovesBlack" count="1" scrapable="False" craft_area="dyeStation" >
        <ingredient name="assortedDyes" count="3"/>
        <ingredient name="armorClothGloves" count="1"/>
    </recipe>
<!-- CLOTH -->
<!-- ANIMAL HIDE -->
 <!--   <recipe name="animalHideHoodRed" count="1" scrapable="False" craft_area="dyeStation" >
        <ingredient name="assortedDyes" count="3"/>
        <ingredient name="animalHideHood" count="1"/>
    </recipe>
    <recipe name="animalHideChestArmorRed" count="1" scrapable="False" craft_area="dyeStation" >
        <ingredient name="assortedDyes" count="3"/>
        <ingredient name="animalHideChestArmor" count="1"/>
    </recipe>
    <recipe name="animalHideLegArmorRed" count="1" scrapable="False" craft_area="dyeStation" >
        <ingredient name="assortedDyes" count="3"/>
        <ingredient name="animalHideLegArmor" count="1"/>
    </recipe>
    <recipe name="animalHideBootsRed" count="1" scrapable="False" craft_area="dyeStation" >
        <ingredient name="assortedDyes" count="3"/>
        <ingredient name="animalHideBoots" count="1"/>
    </recipe>
    <recipe name="animalHideGlovesRed" count="1" scrapable="False" craft_area="dyeStation" >
        <ingredient name="assortedDyes" count="3"/>
        <ingredient name="animalHideGloves" count="1"/>
    </recipe>
    <recipe name="animalHideHoodBlue" count="1" scrapable="False" craft_area="dyeStation" >
        <ingredient name="assortedDyes" count="3"/>
        <ingredient name="animalHideHood" count="1"/>
    </recipe>
    <recipe name="animalHideChestArmorBlue" count="1" scrapable="False" craft_area="dyeStation" >
        <ingredient name="assortedDyes" count="3"/>
        <ingredient name="animalHideChestArmor" count="1"/>
    </recipe>
    <recipe name="animalHideLegArmorBlue" count="1" scrapable="False" craft_area="dyeStation" >
        <ingredient name="assortedDyes" count="3"/>
        <ingredient name="animalHideLegArmor" count="1"/>
    </recipe>
    <recipe name="animalHideBootsBlue" count="1" scrapable="False" craft_area="dyeStation" >
        <ingredient name="assortedDyes" count="3"/>
        <ingredient name="animalHideBoots" count="1"/>
    </recipe>
    <recipe name="animalHideGlovesBlue" count="1" scrapable="False" craft_area="dyeStation" >
        <ingredient name="assortedDyes" count="3"/>
        <ingredient name="animalHideGloves" count="1"/>
    </recipe>
    <recipe name="animalHideHoodGreen" count="1" scrapable="False" craft_area="dyeStation" >
        <ingredient name="assortedDyes" count="3"/>
        <ingredient name="animalHideHood" count="1"/>
    </recipe>
    <recipe name="animalHideChestArmorGreen" count="1" scrapable="False" craft_area="dyeStation" >
        <ingredient name="assortedDyes" count="3"/>
        <ingredient name="animalHideChestArmor" count="1"/>
    </recipe>
    <recipe name="animalHideLegArmorGreen" count="1" scrapable="False" craft_area="dyeStation" >
        <ingredient name="assortedDyes" count="3"/>
        <ingredient name="animalHideLegArmor" count="1"/>
    </recipe>
    <recipe name="animalHideBootsGreen" count="1" scrapable="False" craft_area="dyeStation" >
        <ingredient name="assortedDyes" count="3"/>
        <ingredient name="animalHideBoots" count="1"/>
    </recipe>
    <recipe name="animalHideGlovesGreen" count="1" scrapable="False" craft_area="dyeStation" >
        <ingredient name="assortedDyes" count="3"/>
        <ingredient name="animalHideGloves" count="1"/>
    </recipe>
    <recipe name="animalHideHoodPurple" count="1" scrapable="False" craft_area="dyeStation" >
        <ingredient name="assortedDyes" count="3"/>
        <ingredient name="animalHideHood" count="1"/>
    </recipe>
    <recipe name="animalHideChestArmorPurple" count="1" scrapable="False" craft_area="dyeStation" >
        <ingredient name="assortedDyes" count="3"/>
        <ingredient name="animalHideChestArmor" count="1"/>
    </recipe>
    <recipe name="animalHideLegArmorPurple" count="1" scrapable="False" craft_area="dyeStation" >
        <ingredient name="assortedDyes" count="3"/>
        <ingredient name="animalHideLegArmor" count="1"/>
    </recipe>
    <recipe name="animalHideBootsPurple" count="1" scrapable="False" craft_area="dyeStation" >
        <ingredient name="assortedDyes" count="3"/>
        <ingredient name="animalHideBoots" count="1"/>
    </recipe>
    <recipe name="animalHideGlovesPurple" count="1" scrapable="False" craft_area="dyeStation" >
        <ingredient name="assortedDyes" count="3"/>
        <ingredient name="animalHideGloves" count="1"/>
    </recipe>
    <recipe name="animalHideHoodLime" count="1" scrapable="False" craft_area="dyeStation" >
        <ingredient name="assortedDyes" count="3"/>
        <ingredient name="animalHideHood" count="1"/>
    </recipe>
    <recipe name="animalHideChestlime" count="1" scrapable="False" craft_area="dyeStation" >
        <ingredient name="assortedDyes" count="3"/>
        <ingredient name="animalHideChestArmor" count="1"/>
    </recipe>
    <recipe name="animalHideLeglime" count="1" scrapable="False" craft_area="dyeStation" >
        <ingredient name="assortedDyes" count="3"/>
        <ingredient name="animalHideLegArmor" count="1"/>
    </recipe>
    <recipe name="animalHideBootsLime" count="1" scrapable="False" craft_area="dyeStation" >
        <ingredient name="assortedDyes" count="3"/>
        <ingredient name="animalHideBoots" count="1"/>
    </recipe>
    <recipe name="animalHideGlovesLime" count="1" scrapable="False" craft_area="dyeStation" >
        <ingredient name="assortedDyes" count="3"/>
        <ingredient name="animalHideGloves" count="1"/>
    </recipe>
    <recipe name="animalHideHoodOrange" count="1" scrapable="False" craft_area="dyeStation" >
        <ingredient name="assortedDyes" count="3"/>
        <ingredient name="animalHideHood" count="1"/>
    </recipe>
    <recipe name="animalHideChestArmorOrange" count="1" scrapable="False" craft_area="dyeStation" >
        <ingredient name="assortedDyes" count="3"/>
        <ingredient name="animalHideChestArmor" count="1"/>
    </recipe>
    <recipe name="animalHideLegArmorOrange" count="1" scrapable="False" craft_area="dyeStation" >
        <ingredient name="assortedDyes" count="3"/>
        <ingredient name="animalHideLegArmor" count="1"/>
    </recipe>
    <recipe name="animalHideBootsOrange" count="1" scrapable="False" craft_area="dyeStation" >
        <ingredient name="assortedDyes" count="3"/>
        <ingredient name="animalHideBoots" count="1"/>
    </recipe>
    <recipe name="animalHideGlovesOrange" count="1" scrapable="False" craft_area="dyeStation" >
        <ingredient name="assortedDyes" count="3"/>
        <ingredient name="animalHideGloves" count="1"/>
    </recipe>
    <recipe name="animalHideHoodBlack" count="1" scrapable="False" craft_area="dyeStation" >
        <ingredient name="assortedDyes" count="3"/>
        <ingredient name="animalHideHood" count="1"/>
    </recipe>
    <recipe name="animalHideChestArmorBlack" count="1" scrapable="False" craft_area="dyeStation" >
        <ingredient name="assortedDyes" count="3"/>
        <ingredient name="animalHideChestArmor" count="1"/>
    </recipe>
    <recipe name="animalHideLegArmorBlack" count="1" scrapable="False" craft_area="dyeStation" >
        <ingredient name="assortedDyes" count="3"/>
        <ingredient name="animalHideLegArmor" count="1"/>
    </recipe>
    <recipe name="animalHideBootsBlack" count="1" scrapable="False" craft_area="dyeStation" >
        <ingredient name="assortedDyes" count="3"/>
        <ingredient name="animalHideBoots" count="1"/>
    </recipe>
    <recipe name="animalHideGlovesBlack" count="1" scrapable="False" craft_area="dyeStation" >
        <ingredient name="assortedDyes" count="3"/>
        <ingredient name="animalHideGloves" count="1"/>
    </recipe>-->
<!-- ANIMAL HIDE -->
<!-- DUSTERS -->
    <recipe name="leatherDusterRed" count="1" scrapable="False" craft_area="dyeStation" >
        <ingredient name="assortedDyes" count="5"/>
        <ingredient name="apparelCoatLeatherDuster" count="1"/>
    </recipe>
    <recipe name="leatherDusterBlue" count="1" scrapable="False" craft_area="dyeStation" >
        <ingredient name="assortedDyes" count="5"/>
        <ingredient name="apparelCoatLeatherDuster" count="1"/>
    </recipe>
    <recipe name="leatherDusterGreen" count="1" scrapable="False" craft_area="dyeStation" >
        <ingredient name="assortedDyes" count="5"/>
        <ingredient name="apparelCoatLeatherDuster" count="1"/>
    </recipe>
    <recipe name="leatherDusterPurple" count="1" scrapable="False" craft_area="dyeStation" >
          <ingredient name="assortedDyes" count="5"/>
          <ingredient name="apparelCoatLeatherDuster" count="1"/>
    </recipe>
    <recipe name="leatherDusterLime" count="1" scrapable="False" craft_area="dyeStation" >
        <ingredient name="assortedDyes" count="5"/>
        <ingredient name="apparelCoatLeatherDuster" count="1"/>
    </recipe>
    <recipe name="leatherDusterOrange" count="1" scrapable="False" craft_area="dyeStation" >
        <ingredient name="assortedDyes" count="5"/>
        <ingredient name="apparelCoatLeatherDuster" count="1"/>
    </recipe>
    <recipe name="leatherDusterBlack" count="1" scrapable="False" craft_area="dyeStation" >
        <ingredient name="assortedDyes" count="5"/>
        <ingredient name="apparelCoatLeatherDuster" count="1"/>
    </recipe>
</append>
<!-- DUSTERS -->
</stallionsden>