<Valmar>
<append xpath="/recipes">
        <!-- Expanded Weapons and Tools Mod -->
    <recipe name="ironCrossbow" count="1" scrapable="False" >
	<ingredient name="resourceForgedIron" count="5" />
	<ingredient name="resourceLeather" count="2" />
    <ingredient name="resourceWood" count="10"/>
    </recipe>
    <recipe name="ironBow" count="1" scrapable="False" >
    <ingredient name="resourceForgedIron" count="6" />
    <ingredient name="resourceWood" count="6"/>
    <ingredient name="resourceLeather" count="1"  />
    <ingredient name="resourceYuccaFibers" count="3"/>
    </recipe>
    <recipe name="combatAxe" count="1" scrapable="False" >
        <ingredient name="resourceForgedIron" count="8"/>
        <ingredient name="resourceWood" count="8"/>
    </recipe>
    <recipe name="weedCleaver" count="1" scrapable="False" >
        <ingredient name="resourceForgedIron" count="4"/>
        <ingredient name="resourceWood" count="3"/>
    </recipe>
</append>
</Valmar>