<Valmar>
<append xpath="/buffs">
<buff name="buffIncendiaryRound" >
			<damage_type value="heat"/>
		<stack_type value="replace"/><duration value="0"/>
		<effect_group>
			<triggered_effect trigger="onSelfBuffUpdate" action="ModifyCVar" cvar="buffIncendiaryRoundDuration" operation="add" value="-1"/>
			<triggered_effect trigger="onSelfBuffRemove" action="ModifyCVar" cvar="buffIncendiaryRoundDuration" operation="set" value="0"/>
		</effect_group>

		<effect_group>
			<requirement name="CVarCompare" cvar="buffIncendiaryRoundDuration" operation="LT" value="16"/>
				<triggered_effect trigger="onSelfBuffStart" action="ModifyCVar" cvar="buffIncendiaryRoundDuration" operation="set" value="16"/>
				<triggered_effect trigger="onSelfBuffStack" action="ModifyCVar" cvar="buffIncendiaryRoundDuration" operation="set" value="16"/>
		</effect_group>

		<effect_group>
			<requirement name="CVarCompare" cvar="buffIncendiaryRoundDuration" operation="LTE" value="0"/>
				<triggered_effect trigger="onSelfBuffUpdate" action="ModifyCVar" cvar="buffIncendiaryRoundDuration" operation="set" value="0"/>
				<triggered_effect trigger="onSelfBuffUpdate" action="RemoveBuff" buff="buffIncendiaryRound"/>
		</effect_group>

		<effect_group>
			<triggered_effect trigger="onSelfBuffStart" action="AddBuff" buff="buffIsOnFire"/>

			<!-- Player damage outgoing
			case 0: _strength = Mathf.RoundToInt(_strength * 2.0f);
			case 1: _strength = Mathf.RoundToInt(_strength * 1.5f);
			case 2: 1
			case 3: _strength = Mathf.RoundToInt(_strength * 0.83f);
			case 4: _strength = Mathf.RoundToInt(_strength * 0.66f);
			case 5: _strength = Mathf.RoundToInt(_strength * 0.5f);

			Player damage incoming
			case 0: _strength = Mathf.RoundToInt(_strength * 0.5f);
			case 1: _strength = Mathf.RoundToInt(_strength * 0.75f);
			case 2: 1
			case 3: _strength = Mathf.RoundToInt(_strength * 1.5f);
			case 4: _strength = Mathf.RoundToInt(_strength * 2.0f);
			case 5: _strength = Mathf.RoundToInt(_strength * 2.5f); -->

			<passive_effect name="HealthChangeOT" operation="base_subtract" duration="0,8,14,18" value="1,5,11,13">
				<requirement name="EntityTagCompare" tags="player"/>
			</passive_effect>

			<passive_effect name="WaterChangeOT" operation="base_subtract" value="1.5"/>
			<passive_effect name="HypothermalResist" operation="base_add" value="35"/>
			<passive_effect name="HyperthermalResist" operation="base_add" value="-15"/>
		</effect_group>

		<effect_group>
			<requirement name="!EntityTagCompare" tags="player"/>
				<passive_effect name="HealthChangeOT" operation="base_subtract" duration="0,8,14,18" value="10,36,51,56">
					<requirement name="CVarCompare" cvar="_difficulty" operation="Equals" value="0"/></passive_effect>
				<passive_effect name="HealthChangeOT" operation="base_subtract" duration="0,8,14,18" value="7.5,27,38.2,42">
					<requirement name="CVarCompare" cvar="_difficulty" operation="Equals" value="1"/></passive_effect>

				<passive_effect name="HealthChangeOT" operation="base_subtract" duration="0,8,14,18" value="5,18,25.5,28">
					<requirement name="CVarCompare" cvar="_difficulty" operation="Equals" value="2"/></passive_effect>

				<passive_effect name="HealthChangeOT" operation="base_subtract" duration="0,8,14,18" value="4.2,14.9,21.1,23.2">
					<requirement name="CVarCompare" cvar="_difficulty" operation="Equals" value="3"/></passive_effect>
				<passive_effect name="HealthChangeOT" operation="base_subtract" duration="0,8,14,18" value="3.3,11.9,16.8,18.5">
					<requirement name="CVarCompare" cvar="_difficulty" operation="Equals" value="4"/></passive_effect>
				<passive_effect name="HealthChangeOT" operation="base_subtract" duration="0,8,14,18" value="2.5,9,12.7,14">
					<requirement name="CVarCompare" cvar="_difficulty" operation="Equals" value="5"/></passive_effect>
				
			</effect_group>
		</buff>
		</append>
		</Valmar>
		
		