<Valmar>
<append xpath="/lootcontainers/lootgroup[@name='groupAmmoAdvancedGunslinger']" >
		<item name="9mmBulletINC" count="1,3" prob="0.1"/>
		<item name="44MagBulletINC" count="1,3" prob="0.1"/>		
		<item name="762mmBulletINC" count="1,3" prob="0.1"/>
		<item name="SiegeShell" count="1,3" prob="0.1"/>
		<item name="shotgunShellINC" count="1,3" prob="0.1"/>
		<item name="blunderbussAmmoShredder" count="1,3" prob="0.1"/>
		</append>
	
	<append xpath="/lootcontainers/lootgroup[@name='groupAmmoAdvanced']" >
		<item name="9mmBulletINC" count="1,3" prob="0.1"/>
		<item name="44MagBulletINC" count="1,3" prob="0.1"/>		
		<item name="762mmBulletINC" count="1,3" prob="0.1"/>
		<item name="SiegeShell" count="1,3" prob="0.1"/>
		<item name="shotgunShellINC" count="1,3" prob="0.1"/>
		<item name="blunderbussAmmoShredder" count="1,3" prob="0.1"/>
	</append>
	
	<append xpath="/lootcontainers/lootgroup[@name='treasureAmmo']" >
		<item name="9mmBulletINC" count="1,3" prob="0.1"/>
		<item name="44MagBulletINC" count="1,3" prob="0.1"/>		
		<item name="762mmBulletINC" count="1,3" prob="0.1"/>
		<item name="SiegeShell" count="1,3" prob="0.1"/>
		<item name="shotgunShellINC" count="1,3" prob="0.1"/>
		<item name="blunderbussAmmoShredder" count="1,3" prob="0.1"/>
	</append>
	
	<append xpath="/lootcontainers/lootgroup[@name='groupQuestAmmo']" >
		<item name="9mmBulletINC" count="1,3" prob="0.1"/>
		<item name="44MagBulletINC" count="1,3" prob="0.1"/>		
		<item name="762mmBulletINC" count="1,3" prob="0.1"/>
		<item name="SiegeShell" count="1,3" prob="0.1"/>
		<item name="shotgunShellINC" count="1,3" prob="0.1"/>
		<item name="blunderbussAmmoShredder" count="1,3" prob="0.1"/>
	</append>
 <append xpath="/lootcontainers/lootcontainer[@id='6']" >
	<item name="9mmBulletINC" count="1,3" prob="0.1"/>
		<item name="44MagBulletINC" count="1,3" prob="0.1"/>		
		<item name="762mmBulletINC" count="1,3" prob="0.1"/>
		<item name="SiegeShell" count="1,3" prob="0.1"/>
		<item name="shotgunShellINC" count="1,3" prob="0.1"/>
		<item name="blunderbussAmmoShredder" count="1,3" prob="0.1"/>
		</append> 
	
	<append xpath="/lootcontainers/lootcontainer[@id='8']" >
		<item name="9mmBulletINC" count="1,3" prob="0.1"/>
		<item name="44MagBulletINC" count="1,3" prob="0.1"/>		
		<item name="762mmBulletINC" count="1,3" prob="0.1"/>
		<item name="SiegeShell" count="1,3" prob="0.1"/>
		<item name="shotgunShellINC" count="1,3" prob="0.1"/>
		<item name="blunderbussAmmoShredder" count="1,3" prob="0.1"/>
	</append> 
	
	<append xpath="/lootcontainers/lootcontainer[@id='9']" >
	<item name="9mmBulletINC" count="1,3" prob="0.1"/>
		<item name="44MagBulletINC" count="1,3" prob="0.1"/>		
		<item name="762mmBulletINC" count="1,3" prob="0.1"/>
		<item name="SiegeShell" count="1,3" prob="0.1"/>
		<item name="shotgunShellINC" count="1,3" prob="0.1"/>
		<item name="blunderbussAmmoShredder" count="1,3" prob="0.1"/>
	</append>
	
	<append xpath="/lootcontainers/lootcontainer[@id='11']" >
		<item name="9mmBulletINC" count="1,3" prob="0.1"/>
		<item name="44MagBulletINC" count="1,3" prob="0.1"/>		
		<item name="762mmBulletINC" count="1,3" prob="0.1"/>
		<item name="SiegeShell" count="1,3" prob="0.1"/>
		<item name="shotgunShellINC" count="1,3" prob="0.1"/>
		<item name="blunderbussAmmoShredder" count="1,3" prob="0.1"/>
		</append> 
	
	<append xpath="/lootcontainers/lootcontainer[@id='12']" >
		<item name="9mmBulletINC" count="1,3" prob="0.1"/>
		<item name="44MagBulletINC" count="1,3" prob="0.1"/>		
		<item name="762mmBulletINC" count="1,3" prob="0.1"/>
		<item name="SiegeShell" count="1,3" prob="0.1"/>
		<item name="shotgunShellINC" count="1,3" prob="0.1"/>
		<item name="blunderbussAmmoShredder" count="1,3" prob="0.1"/>
	</append> 
	
	<append xpath="/lootcontainers/lootcontainer[@id='15']" >
		<item name="9mmBulletINC" count="1,3" prob="0.1"/>
		<item name="44MagBulletINC" count="1,3" prob="0.1"/>		
		<item name="762mmBulletINC" count="1,3" prob="0.1"/>
		<item name="SiegeShell" count="1,3" prob="0.1"/>
		<item name="shotgunShellINC" count="1,3" prob="0.1"/>
		<item name="blunderbussAmmoShredder" count="1,3" prob="0.1"/>
	</append>
	
	<append xpath="/lootcontainers/lootcontainer[@id='19']" >
		<item name="9mmBulletINC" count="1,3" prob="0.1"/>
		<item name="44MagBulletINC" count="1,3" prob="0.1"/>		
		<item name="762mmBulletINC" count="1,3" prob="0.1"/>
		<item name="SiegeShell" count="1,3" prob="0.1"/>
		<item name="shotgunShellINC" count="1,3" prob="0.1"/>
		<item name="blunderbussAmmoShredder" count="1,3" prob="0.1"/>
		</append> 
	
	<append xpath="/lootcontainers/lootcontainer[@id='22']" >
		<item name="9mmBulletINC" count="1,3" prob="0.1"/>
		<item name="44MagBulletINC" count="1,3" prob="0.1"/>		
		<item name="762mmBulletINC" count="1,3" prob="0.1"/>
		<item name="SiegeShell" count="1,3" prob="0.1"/>
		<item name="shotgunShellINC" count="1,3" prob="0.1"/>
		<item name="blunderbussAmmoShredder" count="1,3" prob="0.1"/>
	</append> 
	
	<append xpath="/lootcontainers/lootcontainer[@id='24']" >
		<item name="9mmBulletINC" count="1,3" prob="0.1"/>
		<item name="44MagBulletINC" count="1,3" prob="0.1"/>		
		<item name="762mmBulletINC" count="1,3" prob="0.1"/>
		<item name="SiegeShell" count="1,3" prob="0.1"/>
		<item name="shotgunShellINC" count="1,3" prob="0.1"/>
		<item name="blunderbussAmmoShredder" count="1,3" prob="0.1"/>
	</append>
	
	<append xpath="/lootcontainers/lootcontainer[@id='34']" >
		<item name="9mmBulletINC" count="1,3" prob="0.1"/>
		<item name="44MagBulletINC" count="1,3" prob="0.1"/>		
		<item name="762mmBulletINC" count="1,3" prob="0.1"/>
		<item name="SiegeShell" count="1,3" prob="0.1"/>
		<item name="shotgunShellINC" count="1,3" prob="0.1"/>
		<item name="blunderbussAmmoShredder" count="1,3" prob="0.1"/>
		</append> 
	
	<append xpath="/lootcontainers/lootcontainer[@id='40']" >
		<item name="9mmBulletINC" count="1,3" prob="0.1"/>
		<item name="44MagBulletINC" count="1,3" prob="0.1"/>		
		<item name="762mmBulletINC" count="1,3" prob="0.1"/>
		<item name="SiegeShell" count="1,3" prob="0.1"/>
		<item name="shotgunShellINC" count="1,3" prob="0.1"/>
		<item name="blunderbussAmmoShredder" count="1,3" prob="0.1"/>
	</append> 
	
	<append xpath="/lootcontainers/lootcontainer[@id='42']" >
		<item name="9mmBulletINC" count="1,3" prob="0.1"/>
		<item name="44MagBulletINC" count="1,3" prob="0.1"/>		
		<item name="762mmBulletINC" count="1,3" prob="0.1"/>
		<item name="SiegeShell" count="1,3" prob="0.1"/>
		<item name="shotgunShellINC" count="1,3" prob="0.1"/>
		<item name="blunderbussAmmoShredder" count="1,3" prob="0.1"/>
	</append>
	
	<append xpath="/lootcontainers/lootcontainer[@id='43']" >
	<item name="9mmBulletINC" count="1,3" prob="0.1"/>
		<item name="44MagBulletINC" count="1,3" prob="0.1"/>		
		<item name="762mmBulletINC" count="1,3" prob="0.1"/>
		<item name="SiegeShell" count="1,3" prob="0.1"/>
		<item name="shotgunShellINC" count="1,3" prob="0.1"/>
		<item name="blunderbussAmmoShredder" count="1,3" prob="0.1"/>
		</append> 
	
	<append xpath="/lootcontainers/lootcontainer[@id='50']" >
		<item name="9mmBulletINC" count="1,3" prob="0.1"/>
		<item name="44MagBulletINC" count="1,3" prob="0.1"/>		
		<item name="762mmBulletINC" count="1,3" prob="0.1"/>
		<item name="SiegeShell" count="1,3" prob="0.1"/>
		<item name="shotgunShellINC" count="1,3" prob="0.1"/>
		<item name="blunderbussAmmoShredder" count="1,3" prob="0.1"/>
	</append> 
	
	<append xpath="/lootcontainers/lootcontainer[@id='54']" >
		<item name="9mmBulletINC" count="1,3" prob="0.1"/>
		<item name="44MagBulletINC" count="1,3" prob="0.1"/>		
		<item name="762mmBulletINC" count="1,3" prob="0.1"/>
		<item name="SiegeShell" count="1,3" prob="0.1"/>
		<item name="shotgunShellINC" count="1,3" prob="0.1"/>
		<item name="blunderbussAmmoShredder" count="1,3" prob="0.1"/>
	</append>
	
	<append xpath="/lootcontainers/lootcontainer[@id='70']" >
		<item name="9mmBulletINC" count="1,3" prob="0.1"/>
		<item name="44MagBulletINC" count="1,3" prob="0.1"/>		
		<item name="762mmBulletINC" count="1,3" prob="0.1"/>
		<item name="SiegeShell" count="1,3" prob="0.1"/>
		<item name="shotgunShellINC" count="1,3" prob="0.1"/>
		<item name="blunderbussAmmoShredder" count="1,3" prob="0.1"/>
		</append> 
	
	<append xpath="/lootcontainers/lootcontainer[@id='71']" >
		<item name="9mmBulletINC" count="1,3" prob="0.1"/>
		<item name="44MagBulletINC" count="1,3" prob="0.1"/>		
		<item name="762mmBulletINC" count="1,3" prob="0.1"/>
		<item name="SiegeShell" count="1,3" prob="0.1"/>
		<item name="shotgunShellINC" count="1,3" prob="0.1"/>
		<item name="blunderbussAmmoShredder" count="1,3" prob="0.1"/>
	</append> 
	
	<append xpath="/lootcontainers/lootcontainer[@id='73']" >
		<item name="9mmBulletINC" count="1,3" prob="0.1"/>
		<item name="44MagBulletINC" count="1,3" prob="0.1"/>		
		<item name="762mmBulletINC" count="1,3" prob="0.1"/>
		<item name="SiegeShell" count="1,3" prob="0.1"/>
		<item name="shotgunShellINC" count="1,3" prob="0.1"/>
		<item name="blunderbussAmmoShredder" count="1,3" prob="0.1"/>
	</append>

	<append xpath="/lootcontainers/lootcontainer[@id='100']" >
		<item name="9mmBulletINC" count="1,3" prob="0.1"/>
		<item name="44MagBulletINC" count="1,3" prob="0.1"/>		
		<item name="762mmBulletINC" count="1,3" prob="0.1"/>
		<item name="SiegeShell" count="1,3" prob="0.1"/>
		<item name="shotgunShellINC" count="1,3" prob="0.1"/>
		<item name="blunderbussAmmoShredder" count="1,3" prob="0.1"/>
		</append> 
	
	<append xpath="/lootcontainers/lootcontainer[@id='101']" >
		<item name="9mmBulletINC" count="1,3" prob="0.1"/>
		<item name="44MagBulletINC" count="1,3" prob="0.1"/>		
		<item name="762mmBulletINC" count="1,3" prob="0.1"/>
		<item name="SiegeShell" count="1,3" prob="0.1"/>
		<item name="shotgunShellINC" count="1,3" prob="0.1"/>
		<item name="blunderbussAmmoShredder" count="1,3" prob="0.1"/>
	</append> 
	
	<append xpath="/lootcontainers/lootcontainer[@id='104']" >
		<item name="9mmBulletINC" count="1,3" prob="0.1"/>
		<item name="44MagBulletINC" count="1,3" prob="0.1"/>		
		<item name="762mmBulletINC" count="1,3" prob="0.1"/>
		<item name="SiegeShell" count="1,3" prob="0.1"/>
		<item name="shotgunShellINC" count="1,3" prob="0.1"/>
		<item name="blunderbussAmmoShredder" count="1,3" prob="0.1"/>
	</append>
	
	<append xpath="/lootcontainers/lootcontainer[@id='110']" >
		<item name="9mmBulletINC" count="1,3" prob="0.1"/>
		<item name="44MagBulletINC" count="1,3" prob="0.1"/>		
		<item name="762mmBulletINC" count="1,3" prob="0.1"/>
		<item name="SiegeShell" count="1,3" prob="0.1"/>
		<item name="shotgunShellINC" count="1,3" prob="0.1"/>
		<item name="blunderbussAmmoShredder" count="1,3" prob="0.1"/>
		</append> 	 
</Valmar>