<Valmar>
<append xpath="/recipes">
        <!-- Expanded Ammunition Types -->
        <recipe name="blunderbussAmmoShredder" count="1"  >
        <ingredient name="resourceScrapIron" count="1"/>
        <ingredient name="resourceGunPowder" count="1"/>
        <ingredient name="resourcePaper" count="1"/>
    </recipe>  
    <recipe name="HollowTip" count="1" craft_area="workbench" tags="learnable,workbenchCrafting" >
        <ingredient name="unit_lead" count="1"/>
        <ingredient name="unit_clay" count="1"/>
    </recipe>
     <recipe name="44MagBulletINC" count="1" craft_area="workbench" tags="learnable,workbenchCrafting" >
        <ingredient name="HollowTip" count="1" />
        <ingredient name="resourceGunPowder" count="3"/>
        <ingredient name="resourceBulletCasing" count="1"/>
    </recipe>
    <recipe name="762mmBulletINC" count="1" craft_area="workbench" tags="learnable,workbenchCrafting" >
        <ingredient name="HollowTip" count="1" />
        <ingredient name="resourceGunPowder" count="3"/>
        <ingredient name="resourceBulletCasing" count="1"/>
    </recipe>
    <recipe name="9mmBulletINC" count="1" craft_area="workbench" tags="learnable,workbenchCrafting" >
        <ingredient name="HollowTip" count="1" />
        <ingredient name="resourceGunPowder" count="1"/>
        <ingredient name="resourceBulletCasing" count="1"/>
    </recipe>
	<recipe name="SiegeShell" count="1" craft_area="workbench" tags="learnable,workbenchCrafting">
	<ingredient name="resourceBulletTip" count="3"/>
	<ingredient name="resourceGunPowder" count="3"/>
	<ingredient name="resourceForgedSteel" count="1"/>
	</recipe>
	<recipe name="shotgunShellINC" count="1" craft_area="workbench" tags="learnable,workbenchCrafting">
	<ingredient name="resourceForgedSteel" count="4"/>
	<ingredient name="resourceClayLump" count="2"/>
	<ingredient name="resourceGunPowder" count="4"/>
	<ingredient name="ammoGasCan" count="1"/>
	<ingredient name="resourceScrapPolymers" count="1"/>
	</recipe>
</append>
</Valmar>