<Valmar>
	<append xpath="/blocks">
	<!-- Working Oven and Sink Mod -->
	<block name="workstationOven">
		<property name="DescriptionKey" value="workstationOvenDesc"/>
		<property name="Class" value="Campfire" />
		<property name="CustomIcon" value="cntWallOven" />
		<property name="Place" value="TowardsPlacerInverted" />
		<property name="Stacknumber" value="1" />
		<property name="Material" value="Mwood_weak" />
		<property name="Texture" value="346,345,341,345,262,345" />
		<property name="LootList" value="427" />
		<drop event="Destroy" name="workstationOven" count="1" />
		<drop event="Fall" name="woodDebris" count="1" prob="1.0"  stick_chance=".75" />
		<property name="HeatMapStrength" value="1"/>
		<property name="HeatMapTime" value="1200"/>
		<property name="HeatMapFrequency" value="25"/>
		<property name="Group" value="Food/Cooking,Decor" />
		<property name="ActiveRadiusEffects" value="+heatSource(3)"/>
		<property class="Workstation">
			<property name="Modules" value="tools,output,input"/>
			<property name="CraftingAreaRecipes" value="campfire" />
		</property>
	</block>
	<block name="workingGranitSink">
		<property name="DescriptionKey" value="WorkingSinkDesc"/>
		<property name="Extends" value="cntGraniteSink" />
		<property name="CustomIcon" value="cntGraniteSink" />
		<property name="Class" value="SecureLoot" />
		<property name="LootList" value="427" />
	</block>
	<block name="workingCabinetSink">
		<property name="DescriptionKey" value="WorkingSinkDesc"/>
		<property name="Extends" value="cntCabinetOldSink" />
		<property name="CustomIcon" value="cntCabinetOldSink" />
		<property name="Class" value="SecureLoot" />
		<property name="LootList" value="427" />
	</block>
	</append>	
</Valmar>