<Valmar>
<remove xpath="/items/item[@name='drinkJarEmpty']"></remove>
<append xpath="/items">
<item name="drinkJarEmpty">
		<property name="HoldType" value="3"/>
		<property name="Meshfile" value="#Other/Items?Food/emptyJarPrefab.prefab"/>
		<property name="DropMeshfile" value="#Other/Items?Misc/sack_droppedPrefab.prefab"/>
		<property name="Material" value="Mglass"/>
		<property name="Stacknumber" value="125"/> <!-- STK resource -->
		<property name="Weight" value="10"/>
		<property name="EconomicValue" value="6"/>
		<property name="CraftingIngredientTime" value="9"/>
		<property class="Action0">
			<!-- UseAction -->
			<property name="Class" value="ExchangeItem" />
			<property name="Delay" value="1.0" />
			<property name="Change_item_to" value="drinkJarRiverWater" />
			<property name="Focused_blockname_1" value="workingCabinetSink" />
			<property name="Focused_blockname_2" value="workingGranitSink" />
			<property name="Sound_start" value="bucketfill_water" />
		</property>
		<property class="Action1"> <!-- UseAction -->
		<property name="Class" value="ExchangeItem" />
		<property name="Delay" value="1.0" />
		<property name="Change_item_to" value="drinkJarRiverWater" />
		<property name="Do_block_action" value="deplete1" />
		<property name="Focused_blockname_1" value="water" />
		<property name="Focused_blockname_2" value="waterMoving" />
		<property name="Focused_blockname_3" value="waterStaticBucket" />
		<property name="Focused_blockname_4" value="waterMovingBucket" />
		<property name="Focused_blockname_5" value="terrWaterPOI" />
		<property name="Sound_start" value="bucketfill_water" />
	</property>
	<property name="Group" value="Resources" />
</item>
</append>
</Valmar>