<Valmar>
<append xpath="/recipes">
        <!--Working Ovens and Sinks Mod -->
    <recipe name="workstationOven" count="1" scrapable="False" >
        <ingredient name="resourceForgedIron" count="20" />
        <ingredient name="toolCookingGrill" count="2" />
    </recipe>
    <recipe name="workingCabinetSink" count="1" scrapable="False" >
        <ingredient name="resourceWood" count="15" />
        <ingredient name="resourceForgedIron" count="10"/>
        <ingredient name="resourceMetalPipe" count="5"/>
    </recipe>
    <recipe name="workingGranitSink" count="1" scrapable="False" >
        <ingredient name="resourceWood" count="15" />
        <ingredient name="resourceCobblestones" count="5" />
        <ingredient name="resourceForgedIron" count="10"/>
        <ingredient name="resourceMetalPipe" count="5"/>
    </recipe>
</append>
</Valmar>